Age,Annual Income,Home Ownership,Employment Length (Years),Loan Purpose,Loan Grade,Loan Amount,Interest Rate (%),Loan to Income Ratio,Previous Default History,Credit History Length (Years),Debt to Income Ratio,Credit Utilization Ratio,Number of Open Credit Accounts,Number of Late Payments,"Loan Status (0=Approved, 1=Default)"
52,124862,RENT,22,MEDICAL,E,27663,19.11,0.22,N,25,0.09,0.14,7,9,1
63,140420,OWN,11,HOMEIMPROVEMENT,B,41770,19.13,0.3,N,40,0.55,0.27,13,11,1
59,91540,RENT,17,EDUCATION,A,12412,14.73,0.14,N,34,0.46,0.53,8,7,0
63,94676,OWN,14,EDUCATION,C,1567,8.51,0.02,Y,31,0.06,0.31,10,8,1
27,143984,RENT,6,PERSONAL,A,25099,7.55,0.17,N,4,0.59,0.83,12,3,0
22,20846,OWN,2,MEDICAL,E,14703,13.63,0.71,N,1,0.47,0.26,6,3,1
29,112930,MORTGAGE,5,EDUCATION,E,33276,20.98,0.29,N,8,0.35,0.59,10,10,1
27,139454,RENT,7,PERSONAL,B,22017,8.39,0.16,N,6,0.37,0.25,3,2,0
23,114786,OWN,3,PERSONAL,A,19594,14.89,0.17,N,3,0.1,0.75,11,10,0
32,91939,OWN,4,MEDICAL,A,19526,13.63,0.21,Y,11,0.52,0.72,5,4,1
43,108151,OWN,8,PERSONAL,E,29850,6.48,0.28,Y,10,0.43,0.61,9,7,1
25,114585,MORTGAGE,3,PERSONAL,B,10815,14.88,0.09,N,2,0.15,0.21,12,10,0
48,71986,RENT,26,EDUCATION,C,36247,11.69,0.5,Y,19,0.46,0.31,7,10,1
38,148765,OWN,0,EDUCATION,B,32795,8.06,0.22,Y,12,0.15,0.69,1,7,1
22,63148,OWN,1,MEDICAL,A,4577,19.69,0.07,N,2,0.43,0.82,8,11,1
39,107225,RENT,2,PERSONAL,C,25423,11.01,0.24,N,1,0.1,0.94,1,11,0
41,77395,MORTGAGE,17,VENTURE,C,10386,10.88,0.13,N,17,0.1,0.71,8,4,0
42,64361,RENT,22,MEDICAL,A,39286,11.32,0.61,N,13,0.57,0.95,7,0,1
57,43777,MORTGAGE,19,EDUCATION,E,21914,15.24,0.5,N,18,0.23,0.37,13,11,1
39,72142,RENT,19,PERSONAL,A,5493,9.5,0.08,N,4,0.1,0.31,1,7,0
50,35583,OWN,0,EDUCATION,A,25853,11.03,0.73,N,14,0.58,0.35,9,11,1
63,109051,OWN,27,HOMEIMPROVEMENT,A,1726,16.99,0.02,N,42,0.16,0.4,11,9,0
55,139377,RENT,4,PERSONAL,D,39285,11.57,0.28,N,4,0.51,0.37,12,11,1
51,90690,RENT,0,MEDICAL,D,14767,17.38,0.16,Y,22,0.12,0.25,12,11,1
62,138037,OWN,28,VENTURE,E,40328,14.68,0.29,Y,35,0.49,0.78,10,10,1
35,46017,OWN,3,MEDICAL,C,13201,21.87,0.29,N,10,0.55,0.28,13,1,0
34,68043,MORTGAGE,14,HOMEIMPROVEMENT,A,2245,19.73,0.03,N,10,0.14,0.47,8,6,0
35,126235,RENT,9,HOMEIMPROVEMENT,C,12844,16.97,0.1,N,7,0.59,0.66,12,3,0
56,131100,MORTGAGE,30,VENTURE,B,35094,19.07,0.27,N,3,0.51,0.9,12,9,1
39,106338,RENT,17,EDUCATION,A,11420,15.96,0.11,N,19,0.58,0.2,2,3,0
44,140384,RENT,15,VENTURE,D,41204,15.07,0.29,N,14,0.35,0.91,3,6,1
42,84204,MORTGAGE,8,HOMEIMPROVEMENT,A,45768,14.6,0.54,N,16,0.08,0.58,1,7,0
28,33275,MORTGAGE,6,VENTURE,D,15915,21.57,0.48,N,5,0.33,0.26,1,0,1
29,99741,OWN,0,PERSONAL,C,6452,11.2,0.06,N,2,0.28,0.92,6,6,1
23,33261,OWN,1,EDUCATION,B,9312,10.16,0.28,N,2,0.11,0.54,1,9,0
50,62238,OWN,30,VENTURE,B,42773,9.86,0.69,N,19,0.57,0.48,2,8,1
57,87143,RENT,32,VENTURE,C,4574,11.05,0.05,N,16,0.41,0.44,1,8,0
48,104793,RENT,18,MEDICAL,A,31807,21.16,0.3,N,13,0.08,0.58,2,9,0
23,105107,MORTGAGE,3,EDUCATION,B,43185,9.1,0.41,Y,2,0.43,0.93,11,8,1
55,106213,OWN,36,EDUCATION,A,29404,7.42,0.28,N,33,0.33,0.14,10,3,0
36,76733,OWN,7,HOMEIMPROVEMENT,A,39015,11.92,0.51,N,10,0.34,0.36,13,8,0
57,84324,MORTGAGE,37,HOMEIMPROVEMENT,A,5648,9.96,0.07,N,14,0.33,0.41,2,6,0
24,120003,MORTGAGE,5,VENTURE,E,30171,7.87,0.25,N,5,0.24,0.74,7,3,0
46,61150,OWN,12,PERSONAL,C,25355,17.32,0.41,N,9,0.25,0.61,6,10,1
39,135087,OWN,3,VENTURE,C,27098,9.56,0.2,N,1,0.58,0.72,4,0,0
27,133286,RENT,7,HOMEIMPROVEMENT,E,35621,13.96,0.27,N,8,0.08,0.84,8,5,0
33,69635,RENT,14,VENTURE,B,48487,19.3,0.7,N,13,0.2,0.94,10,7,1
24,96864,OWN,5,PERSONAL,D,10458,9.16,0.11,Y,1,0.54,0.58,9,9,1
22,107399,RENT,0,PERSONAL,B,21710,11.38,0.2,N,1,0.2,0.53,8,7,0
31,132529,MORTGAGE,9,MEDICAL,A,25605,9.44,0.19,N,7,0.56,0.21,9,10,0
51,69500,RENT,4,HOMEIMPROVEMENT,D,20800,6.4,0.3,N,31,0.17,0.84,7,5,0
22,54094,OWN,1,VENTURE,C,37126,14.02,0.69,N,1,0.52,0.19,5,10,1
36,148886,OWN,0,MEDICAL,D,7647,13.48,0.05,N,3,0.31,0.43,10,8,1
49,55340,RENT,3,VENTURE,D,6033,17.77,0.11,N,29,0.21,0.85,14,8,1
35,81134,OWN,6,HOMEIMPROVEMENT,A,34301,12.14,0.42,Y,2,0.09,0.73,8,6,1
60,81035,OWN,18,EDUCATION,A,45363,20.12,0.56,N,12,0.42,0.35,10,6,1
46,59567,OWN,5,HOMEIMPROVEMENT,D,14675,11.02,0.25,N,15,0.07,0.6,13,3,0
42,42299,RENT,1,VENTURE,A,3693,13.3,0.09,Y,12,0.15,0.86,11,9,1
24,85149,RENT,2,MEDICAL,B,20476,21.45,0.24,N,1,0.06,0.3,1,3,0
33,104600,RENT,9,VENTURE,C,46779,9.77,0.45,Y,14,0.49,0.71,13,7,1
50,81607,OWN,25,HOMEIMPROVEMENT,B,19122,9.84,0.23,N,18,0.54,0.57,13,0,0
43,23317,OWN,20,PERSONAL,D,12347,6.87,0.53,N,16,0.33,0.35,2,4,0
34,33510,OWN,6,VENTURE,C,23152,7.44,0.69,Y,1,0.49,0.62,10,9,1
23,94069,MORTGAGE,1,EDUCATION,D,20201,11.81,0.21,N,3,0.45,0.5,8,5,1
23,27851,OWN,0,PERSONAL,C,8156,7.5,0.29,N,1,0.07,0.84,2,7,1
46,71481,OWN,3,PERSONAL,D,18578,17.33,0.26,N,11,0.09,0.23,14,0,0
22,94292,RENT,2,EDUCATION,E,47326,19.99,0.5,N,2,0.19,0.73,11,7,1
37,39116,OWN,0,HOMEIMPROVEMENT,B,4499,14.65,0.12,N,5,0.16,0.72,5,8,0
53,58506,MORTGAGE,22,HOMEIMPROVEMENT,A,23368,13.81,0.4,N,30,0.55,0.7,1,9,0
49,95932,OWN,10,PERSONAL,C,24411,19.44,0.25,Y,15,0.42,0.66,11,2,1
51,99056,MORTGAGE,21,PERSONAL,D,31444,7.97,0.32,N,29,0.21,0.3,2,0,0
49,98629,RENT,28,HOMEIMPROVEMENT,C,36556,8.66,0.37,Y,29,0.1,0.68,3,4,0
48,22745,RENT,11,EDUCATION,A,4866,15.21,0.21,N,10,0.47,0.79,2,4,0
48,58623,OWN,19,EDUCATION,E,24733,9.46,0.42,N,5,0.16,0.75,8,10,1
28,91831,MORTGAGE,0,PERSONAL,B,36993,10.09,0.4,N,4,0.2,0.8,12,6,0
38,68895,OWN,9,VENTURE,D,6656,15.2,0.1,N,1,0.56,0.51,14,5,1
23,73871,MORTGAGE,0,EDUCATION,C,13186,13.61,0.18,N,2,0.27,0.65,7,11,0
51,46425,OWN,17,PERSONAL,C,27013,13.71,0.58,N,29,0.16,0.13,3,2,0
29,77353,OWN,1,MEDICAL,A,7105,7.63,0.09,Y,9,0.23,0.24,6,1,0
35,49072,RENT,3,MEDICAL,E,44989,10.95,0.92,Y,7,0.15,0.46,8,0,1
23,21591,MORTGAGE,1,PERSONAL,C,7183,15.05,0.33,Y,1,0.45,0.54,8,11,1
23,37693,MORTGAGE,1,HOMEIMPROVEMENT,E,29988,17.59,0.8,N,2,0.08,0.1,13,9,1
40,20203,MORTGAGE,0,EDUCATION,A,16899,9.48,0.84,N,5,0.19,0.13,5,2,0
31,145204,MORTGAGE,11,PERSONAL,B,37484,6.87,0.26,N,11,0.43,0.65,10,5,0
40,121448,MORTGAGE,6,VENTURE,C,47851,12.82,0.39,Y,19,0.45,0.63,13,11,1
21,127620,MORTGAGE,1,MEDICAL,A,36628,17.87,0.29,N,1,0.3,0.8,10,5,0
36,80726,OWN,10,HOMEIMPROVEMENT,D,17532,19.91,0.22,Y,6,0.33,0.59,6,8,1
30,120721,RENT,4,MEDICAL,C,14463,16.13,0.12,N,8,0.25,0.45,13,1,0
61,141323,OWN,35,MEDICAL,B,23485,17.0,0.17,N,8,0.23,0.74,9,7,0
48,38452,OWN,17,HOMEIMPROVEMENT,C,32174,17.53,0.84,N,15,0.43,0.19,5,0,1
35,149203,OWN,11,HOMEIMPROVEMENT,A,38538,20.54,0.26,N,11,0.51,0.19,1,3,0
61,125737,MORTGAGE,9,VENTURE,B,4567,21.51,0.04,N,28,0.45,0.88,2,10,1
60,83372,RENT,28,PERSONAL,C,18913,10.11,0.23,Y,12,0.07,0.37,8,0,0
26,117808,MORTGAGE,2,HOMEIMPROVEMENT,B,38529,21.7,0.33,Y,4,0.47,0.52,7,9,1
53,116826,OWN,12,HOMEIMPROVEMENT,C,34130,9.82,0.29,N,27,0.46,0.23,11,9,0
21,69589,OWN,2,MEDICAL,C,11740,12.42,0.17,Y,1,0.26,0.45,7,6,1
23,29852,RENT,3,HOMEIMPROVEMENT,A,8631,12.62,0.29,N,1,0.44,0.91,3,5,0
60,98931,RENT,32,HOMEIMPROVEMENT,C,17715,7.28,0.18,N,15,0.46,0.45,13,8,0
55,41352,RENT,29,MEDICAL,B,15397,13.94,0.37,N,25,0.23,0.86,1,3,0
33,41097,MORTGAGE,4,HOMEIMPROVEMENT,C,23692,18.16,0.58,N,4,0.35,0.72,4,1,0
26,137743,MORTGAGE,0,PERSONAL,C,34737,16.59,0.25,Y,2,0.43,0.66,6,11,1
56,82752,OWN,29,HOMEIMPROVEMENT,B,38220,12.38,0.46,N,10,0.57,0.85,4,9,1
59,104627,OWN,23,PERSONAL,A,32932,7.2,0.31,N,27,0.17,0.48,5,10,0
61,69976,OWN,5,MEDICAL,C,35148,17.57,0.5,N,40,0.17,0.36,13,3,0
61,110283,OWN,30,EDUCATION,E,17363,18.58,0.16,N,32,0.32,0.82,10,9,1
26,121520,OWN,2,PERSONAL,B,27616,12.38,0.23,N,3,0.41,0.38,8,11,0
53,75284,OWN,19,PERSONAL,C,36547,10.34,0.49,N,13,0.55,0.8,2,2,0
58,85214,OWN,0,MEDICAL,D,45870,14.07,0.54,N,39,0.35,0.29,11,6,1
40,31825,MORTGAGE,3,HOMEIMPROVEMENT,D,5187,7.49,0.16,N,5,0.47,0.82,3,7,1
25,109363,RENT,1,HOMEIMPROVEMENT,B,38502,20.82,0.35,N,6,0.14,0.23,14,5,0
57,92258,RENT,32,EDUCATION,A,21059,9.81,0.23,Y,34,0.49,0.94,8,10,1
46,115836,MORTGAGE,4,HOMEIMPROVEMENT,C,46724,7.67,0.4,N,6,0.4,0.57,2,11,0
33,137399,RENT,5,VENTURE,B,30377,14.44,0.22,N,14,0.53,0.74,3,10,0
25,101008,RENT,5,MEDICAL,A,5959,14.17,0.06,Y,3,0.38,0.91,1,11,1
38,83763,MORTGAGE,18,EDUCATION,A,29605,9.63,0.35,N,8,0.22,0.4,12,8,0
37,38030,RENT,3,HOMEIMPROVEMENT,A,4909,20.29,0.13,Y,4,0.57,0.71,9,9,1
25,112510,MORTGAGE,4,VENTURE,D,33283,14.91,0.3,N,1,0.2,0.8,8,1,0
24,64757,MORTGAGE,1,VENTURE,E,12939,21.41,0.2,N,4,0.42,0.56,4,6,1
22,83037,OWN,2,PERSONAL,B,7548,6.31,0.09,N,3,0.37,0.68,8,6,0
23,28894,RENT,2,HOMEIMPROVEMENT,C,17406,17.02,0.6,N,3,0.37,0.85,5,7,1
44,29432,RENT,13,HOMEIMPROVEMENT,C,1178,10.0,0.04,N,17,0.45,0.26,4,10,0
29,118934,MORTGAGE,4,MEDICAL,C,27423,21.86,0.23,N,2,0.4,0.58,6,8,0
36,59986,RENT,15,VENTURE,B,27058,11.56,0.45,N,1,0.21,0.7,9,11,0
26,129037,RENT,4,VENTURE,B,4360,8.99,0.03,N,1,0.35,0.54,8,6,0
23,39539,MORTGAGE,2,PERSONAL,B,12777,14.48,0.32,N,3,0.34,0.22,1,8,0
38,26941,RENT,14,EDUCATION,A,24386,7.46,0.91,N,2,0.24,0.54,8,11,0
21,127954,MORTGAGE,1,VENTURE,A,6255,9.75,0.05,N,1,0.23,0.83,4,3,0
35,126718,MORTGAGE,7,EDUCATION,A,18952,19.28,0.15,N,12,0.39,0.26,14,10,0
29,82423,MORTGAGE,3,MEDICAL,C,12255,11.78,0.15,N,10,0.16,0.16,11,6,0
50,97608,OWN,2,MEDICAL,C,37053,18.41,0.38,N,20,0.51,0.17,7,3,0
45,116134,OWN,9,PERSONAL,B,28228,9.22,0.24,Y,1,0.59,0.81,9,11,1
48,129968,RENT,27,MEDICAL,D,24464,8.92,0.19,N,26,0.05,0.52,9,5,0
26,99674,RENT,4,MEDICAL,A,3169,7.86,0.03,Y,2,0.26,0.5,6,3,0
42,92918,OWN,11,MEDICAL,E,1801,21.6,0.02,Y,22,0.17,0.79,2,9,1
26,40080,RENT,0,PERSONAL,A,39014,16.75,0.97,N,6,0.13,0.48,1,0,1
23,99003,OWN,2,MEDICAL,B,1205,12.41,0.01,N,3,0.3,0.54,1,2,0
43,78973,RENT,2,HOMEIMPROVEMENT,B,30692,20.13,0.39,N,17,0.33,0.89,14,11,1
21,114825,MORTGAGE,0,PERSONAL,A,33019,20.21,0.29,N,1,0.52,0.24,11,7,1
63,28176,OWN,22,PERSONAL,B,13941,8.63,0.49,Y,23,0.25,0.19,13,3,1
22,107911,RENT,3,MEDICAL,C,43026,10.02,0.4,N,2,0.09,0.72,1,1,0
35,24830,RENT,8,VENTURE,B,10834,6.19,0.44,N,9,0.48,0.78,9,6,1
64,78046,MORTGAGE,36,EDUCATION,B,17488,6.86,0.22,Y,12,0.3,0.43,10,2,0
63,34648,RENT,8,VENTURE,E,15110,16.7,0.44,N,13,0.48,0.66,5,3,1
23,36459,MORTGAGE,3,PERSONAL,E,6057,9.21,0.17,N,2,0.58,0.23,5,10,1
44,130195,RENT,22,HOMEIMPROVEMENT,B,39737,12.52,0.31,N,14,0.23,0.16,11,1,0
42,145261,MORTGAGE,16,MEDICAL,B,40802,11.89,0.28,N,16,0.36,0.84,12,6,0
55,52322,OWN,33,EDUCATION,E,17160,13.4,0.33,N,19,0.21,0.12,9,1,0
64,25571,RENT,35,HOMEIMPROVEMENT,B,17209,20.27,0.67,N,13,0.28,0.42,8,11,1
55,43901,RENT,5,PERSONAL,B,38006,18.9,0.87,N,20,0.49,0.27,2,2,1
38,40044,RENT,12,EDUCATION,C,22975,16.61,0.57,N,12,0.51,0.58,6,11,1
44,70390,RENT,1,EDUCATION,A,2906,12.53,0.04,Y,3,0.41,0.73,1,4,1
37,34319,OWN,17,PERSONAL,A,21449,9.52,0.62,Y,17,0.37,0.41,13,1,1
41,43696,RENT,8,PERSONAL,A,8666,21.35,0.2,Y,5,0.5,0.8,4,0,1
34,111865,OWN,12,HOMEIMPROVEMENT,A,17282,6.63,0.15,N,9,0.31,0.68,8,10,0
58,107086,RENT,29,PERSONAL,A,36755,19.86,0.34,N,27,0.17,0.58,4,10,0
21,98763,RENT,2,MEDICAL,E,7298,6.78,0.07,N,1,0.18,0.82,7,1,0
35,93042,RENT,7,VENTURE,A,13996,18.42,0.15,Y,7,0.52,0.67,10,4,1
25,42412,OWN,6,PERSONAL,B,36517,19.09,0.86,N,3,0.2,0.21,11,5,0
46,107579,RENT,8,PERSONAL,A,3124,17.88,0.03,N,9,0.26,0.23,5,9,0
44,144086,MORTGAGE,22,EDUCATION,D,49971,17.1,0.35,N,10,0.38,0.42,11,5,0
45,62351,MORTGAGE,11,PERSONAL,B,32369,12.44,0.52,Y,9,0.52,0.52,12,2,1
34,56527,MORTGAGE,5,PERSONAL,C,26936,6.76,0.48,N,13,0.58,0.82,2,1,1
27,64149,RENT,8,EDUCATION,C,11940,12.49,0.19,Y,6,0.43,0.93,12,0,1
61,145933,RENT,15,HOMEIMPROVEMENT,C,19615,10.05,0.13,N,25,0.36,0.38,9,6,0
58,121276,RENT,12,EDUCATION,E,19429,14.66,0.16,N,28,0.5,0.57,7,7,1
36,73517,RENT,14,EDUCATION,C,22686,11.41,0.31,Y,8,0.32,0.23,3,6,1
64,126279,RENT,36,VENTURE,A,13621,16.85,0.11,N,20,0.33,0.51,12,9,0
29,51533,RENT,6,MEDICAL,C,42901,18.97,0.83,N,1,0.17,0.11,6,9,1
45,146350,OWN,3,VENTURE,A,38687,8.96,0.26,N,2,0.15,0.82,12,6,0
34,47331,RENT,9,PERSONAL,A,14934,20.9,0.32,N,1,0.43,0.61,6,10,1
38,91675,RENT,8,EDUCATION,D,19800,7.41,0.22,N,15,0.13,0.13,6,3,0
45,144604,OWN,0,EDUCATION,D,26469,13.67,0.18,N,1,0.48,0.21,4,7,1
62,67969,MORTGAGE,6,VENTURE,A,9734,9.39,0.14,N,19,0.32,0.77,8,9,0
56,116805,OWN,15,EDUCATION,A,26651,18.84,0.23,N,23,0.26,0.18,13,10,0
42,89855,MORTGAGE,15,PERSONAL,C,40876,19.24,0.45,N,13,0.24,0.78,11,5,0
35,62738,RENT,0,VENTURE,A,1981,13.11,0.03,N,3,0.11,0.57,10,9,0
47,20947,MORTGAGE,21,HOMEIMPROVEMENT,A,16844,21.65,0.8,N,3,0.3,0.93,13,1,1
39,98229,MORTGAGE,12,PERSONAL,B,1541,21.71,0.02,N,4,0.33,0.47,4,6,0
44,41199,RENT,24,PERSONAL,B,26868,18.26,0.65,N,22,0.22,0.92,4,10,1
30,49140,OWN,3,HOMEIMPROVEMENT,B,10327,8.97,0.21,N,10,0.29,0.66,6,1,0
35,147015,RENT,4,EDUCATION,B,16585,12.54,0.11,N,15,0.05,0.69,10,1,0
51,35764,MORTGAGE,1,HOMEIMPROVEMENT,E,29949,15.4,0.84,N,32,0.09,0.33,3,6,1
31,113740,RENT,6,PERSONAL,E,14890,18.81,0.13,N,6,0.06,0.47,2,2,0
53,133135,MORTGAGE,18,MEDICAL,B,36476,17.52,0.27,N,9,0.12,0.55,9,7,0
62,35358,RENT,1,VENTURE,A,30378,15.44,0.86,Y,12,0.51,0.39,14,8,1
43,133288,OWN,15,HOMEIMPROVEMENT,C,41373,10.3,0.31,Y,8,0.45,0.13,7,4,1
48,75872,MORTGAGE,16,VENTURE,C,14662,11.71,0.19,N,5,0.51,0.14,6,6,0
30,61298,MORTGAGE,1,PERSONAL,D,36420,20.24,0.59,Y,2,0.08,0.24,11,4,1
43,125899,OWN,5,EDUCATION,C,13115,8.01,0.1,Y,13,0.13,0.9,12,6,1
32,83932,MORTGAGE,8,PERSONAL,B,25466,7.46,0.3,Y,7,0.58,0.68,4,2,1
34,29395,RENT,8,PERSONAL,A,13067,20.2,0.44,N,6,0.13,0.26,12,11,1
47,75841,OWN,18,VENTURE,B,3176,6.72,0.04,Y,7,0.25,0.43,5,2,0
29,34656,RENT,2,EDUCATION,C,11220,13.84,0.32,N,10,0.35,0.22,4,5,0
46,145354,OWN,9,VENTURE,D,29625,15.89,0.2,N,8,0.53,0.75,11,7,1
25,34718,RENT,5,MEDICAL,B,33815,17.9,0.97,N,3,0.4,0.36,2,3,0
42,46553,OWN,3,HOMEIMPROVEMENT,C,45331,7.3,0.97,N,10,0.29,0.53,4,2,0
41,91289,OWN,5,VENTURE,A,15175,19.3,0.17,N,11,0.1,0.25,14,8,0
36,113410,OWN,17,HOMEIMPROVEMENT,B,23044,18.14,0.2,N,14,0.37,0.17,5,0,0
27,114870,OWN,5,PERSONAL,A,21714,10.31,0.19,N,4,0.07,0.24,13,4,0
47,59159,MORTGAGE,21,HOMEIMPROVEMENT,E,19790,6.13,0.33,Y,27,0.35,0.21,7,2,1
51,80784,MORTGAGE,32,MEDICAL,B,22703,17.88,0.28,N,1,0.59,0.87,8,2,1
45,140259,MORTGAGE,8,PERSONAL,A,17442,8.95,0.12,N,6,0.34,0.29,5,2,0
61,24131,OWN,28,VENTURE,D,22507,19.12,0.93,N,42,0.39,0.78,13,1,1
51,73619,RENT,8,PERSONAL,C,23791,12.63,0.32,Y,19,0.42,0.71,6,2,1
50,115971,MORTGAGE,20,EDUCATION,D,8099,8.12,0.07,Y,10,0.58,0.66,3,11,1
35,33313,MORTGAGE,13,VENTURE,A,16167,6.36,0.49,Y,4,0.34,0.34,6,10,1
32,133569,OWN,0,EDUCATION,A,24599,11.93,0.18,N,8,0.42,0.6,6,10,1
28,20432,MORTGAGE,7,MEDICAL,A,15912,11.46,0.78,N,8,0.09,0.19,9,0,0
22,49873,MORTGAGE,0,MEDICAL,A,6932,18.61,0.14,N,1,0.33,0.3,5,11,1
28,45832,OWN,0,HOMEIMPROVEMENT,C,21706,12.7,0.47,N,8,0.07,0.92,8,2,1
29,78051,OWN,2,HOMEIMPROVEMENT,A,22551,14.68,0.29,N,5,0.57,0.85,2,11,1
33,110570,MORTGAGE,12,PERSONAL,C,13751,20.41,0.12,N,2,0.34,0.35,14,9,0
60,42912,RENT,3,EDUCATION,A,42757,16.64,1.0,N,35,0.4,0.65,11,6,1
25,127106,RENT,2,EDUCATION,B,30680,12.03,0.24,N,1,0.2,0.44,3,11,0
45,64297,RENT,9,EDUCATION,B,30665,10.31,0.48,N,22,0.25,0.12,9,4,0
43,136254,MORTGAGE,3,VENTURE,B,42936,14.12,0.32,Y,3,0.11,0.77,4,0,0
22,83456,RENT,1,PERSONAL,B,1786,15.1,0.02,Y,1,0.29,0.37,3,10,1
22,96312,MORTGAGE,0,MEDICAL,A,15196,15.92,0.16,N,3,0.4,0.26,6,2,0
39,95419,OWN,9,VENTURE,A,11707,15.35,0.12,N,14,0.38,0.57,11,6,0
42,40183,RENT,10,PERSONAL,A,2132,9.15,0.05,N,21,0.35,0.17,4,4,0
64,100765,RENT,1,VENTURE,A,9502,13.39,0.09,Y,34,0.06,0.84,13,1,1
57,133632,RENT,7,VENTURE,A,20508,10.34,0.15,Y,5,0.3,0.82,4,2,1
38,65076,OWN,18,VENTURE,A,29931,10.39,0.46,N,13,0.21,0.37,3,0,0
53,38205,RENT,11,HOMEIMPROVEMENT,B,23030,19.93,0.6,N,28,0.12,0.82,1,6,1
21,89306,MORTGAGE,2,VENTURE,A,48217,19.95,0.54,N,1,0.08,0.14,6,5,0
55,92354,MORTGAGE,21,VENTURE,A,6028,17.29,0.07,Y,11,0.4,0.23,5,7,1
32,87787,OWN,4,PERSONAL,D,24674,19.49,0.28,Y,9,0.48,0.66,4,9,1
59,126073,MORTGAGE,25,EDUCATION,C,9384,9.72,0.07,Y,15,0.35,0.35,12,9,1
34,136859,RENT,10,PERSONAL,C,49998,15.15,0.37,Y,5,0.15,0.41,2,2,0
39,49605,OWN,1,HOMEIMPROVEMENT,B,6580,13.94,0.13,N,11,0.45,0.57,1,7,1
32,68688,OWN,8,PERSONAL,C,24545,18.53,0.36,Y,2,0.2,0.7,7,7,1
48,41566,RENT,28,MEDICAL,A,21806,15.53,0.52,Y,13,0.27,0.46,8,2,1
55,131603,RENT,10,EDUCATION,B,5594,12.5,0.04,N,30,0.22,0.66,3,5,0
49,45236,OWN,10,HOMEIMPROVEMENT,A,9495,15.85,0.21,N,18,0.59,0.84,12,6,1
40,138209,RENT,3,VENTURE,A,21901,6.25,0.16,Y,18,0.22,0.23,14,0,0
27,24011,MORTGAGE,4,VENTURE,B,20782,14.06,0.87,N,2,0.26,0.43,14,6,0
41,118538,RENT,12,EDUCATION,D,30796,21.46,0.26,N,12,0.12,0.67,9,8,1
61,70859,RENT,3,VENTURE,A,27563,6.0,0.39,N,9,0.11,0.31,4,0,0
40,75771,OWN,7,VENTURE,A,14116,19.16,0.19,N,7,0.46,0.6,14,8,1
52,95948,RENT,32,HOMEIMPROVEMENT,D,16817,13.8,0.18,Y,33,0.57,0.89,7,4,1
21,135440,RENT,1,PERSONAL,D,35160,19.9,0.26,N,2,0.3,0.71,11,8,1
35,90780,MORTGAGE,0,PERSONAL,B,35902,21.0,0.4,N,2,0.59,0.77,6,4,1
58,73351,RENT,19,EDUCATION,A,49354,11.96,0.67,Y,25,0.41,0.1,14,1,1
29,86786,OWN,6,VENTURE,B,38131,17.58,0.44,Y,2,0.29,0.67,6,9,1
63,24135,OWN,37,HOMEIMPROVEMENT,A,12168,15.57,0.5,N,8,0.54,0.66,11,4,1
24,126520,RENT,3,EDUCATION,B,8902,9.3,0.07,N,5,0.14,0.49,5,5,0
37,23747,MORTGAGE,14,HOMEIMPROVEMENT,A,14017,17.53,0.59,Y,13,0.48,0.38,1,5,1
46,123119,OWN,3,PERSONAL,C,3843,6.81,0.03,N,15,0.53,0.17,14,9,0
59,87975,OWN,31,PERSONAL,B,48594,13.13,0.55,N,20,0.11,0.83,13,9,1
47,62652,RENT,14,VENTURE,A,14467,14.63,0.23,N,16,0.1,0.71,2,0,0
30,106728,OWN,11,MEDICAL,C,19839,9.75,0.19,N,4,0.36,0.31,2,6,0
22,122674,MORTGAGE,1,VENTURE,D,20945,17.97,0.17,Y,1,0.08,0.76,6,3,1
48,79019,OWN,19,VENTURE,B,23576,9.05,0.3,N,3,0.31,0.29,12,1,0
33,53387,MORTGAGE,14,MEDICAL,B,4066,8.11,0.08,N,2,0.2,0.54,11,5,0
55,70901,OWN,26,EDUCATION,C,37160,9.0,0.52,Y,1,0.18,0.22,14,6,1
61,50005,RENT,33,EDUCATION,E,41708,7.65,0.83,N,23,0.45,0.76,11,0,1
33,108444,RENT,8,VENTURE,E,20971,16.39,0.19,N,13,0.45,0.83,10,6,1
52,140770,MORTGAGE,2,EDUCATION,E,19645,16.83,0.14,N,3,0.09,0.51,1,6,1
64,137797,RENT,18,HOMEIMPROVEMENT,C,7587,11.78,0.06,N,35,0.49,0.2,7,3,0
64,118725,OWN,36,EDUCATION,E,26785,13.08,0.23,N,31,0.5,0.8,2,3,0
49,113422,RENT,4,MEDICAL,D,29246,8.87,0.26,N,14,0.26,0.52,13,0,0
58,73014,MORTGAGE,25,MEDICAL,B,44890,13.46,0.61,N,2,0.11,0.84,5,1,0
36,85782,RENT,0,HOMEIMPROVEMENT,A,47110,6.72,0.55,N,6,0.07,0.5,12,4,0
45,44843,OWN,20,VENTURE,A,6912,14.09,0.15,N,9,0.13,0.89,9,2,0
55,66539,RENT,4,HOMEIMPROVEMENT,D,24016,18.74,0.36,N,35,0.4,0.61,6,7,1
55,107840,OWN,17,MEDICAL,D,18572,12.04,0.17,N,26,0.19,0.21,9,1,0
42,114457,RENT,6,VENTURE,C,45813,7.93,0.4,Y,7,0.21,0.89,2,10,1
27,47299,RENT,2,VENTURE,A,4543,21.51,0.1,N,5,0.53,0.12,7,0,0
58,76332,MORTGAGE,16,EDUCATION,C,38646,12.68,0.51,N,15,0.36,0.59,4,2,0
43,110510,MORTGAGE,2,HOMEIMPROVEMENT,B,21860,14.73,0.2,N,7,0.3,0.85,6,10,0
58,146366,RENT,13,PERSONAL,E,34687,15.98,0.24,N,32,0.22,0.21,11,9,1
41,131888,MORTGAGE,13,HOMEIMPROVEMENT,D,34716,21.63,0.26,N,13,0.19,0.32,1,0,0
48,34751,RENT,9,PERSONAL,C,4044,18.78,0.12,N,3,0.17,0.89,6,1,0
49,117631,RENT,9,EDUCATION,C,44020,21.25,0.37,N,18,0.08,0.67,1,11,0
54,90434,OWN,2,VENTURE,C,11871,19.68,0.13,N,19,0.11,0.92,4,11,1
25,124472,RENT,2,EDUCATION,C,18097,20.4,0.15,N,2,0.41,0.45,12,1,0
35,80683,MORTGAGE,8,EDUCATION,B,30433,20.24,0.38,N,13,0.2,0.35,10,11,0
48,111007,RENT,26,PERSONAL,E,1851,15.21,0.02,Y,18,0.37,0.21,13,2,1
40,35600,MORTGAGE,10,HOMEIMPROVEMENT,B,9645,12.54,0.27,N,13,0.35,0.36,2,7,0
33,25495,RENT,1,EDUCATION,E,12267,7.43,0.48,N,8,0.18,0.28,5,9,1
47,87990,MORTGAGE,26,VENTURE,A,18761,13.15,0.21,N,6,0.17,0.42,14,2,0
26,131555,OWN,0,MEDICAL,C,14646,6.45,0.11,N,7,0.51,0.78,5,4,0
62,94172,MORTGAGE,35,MEDICAL,A,43435,7.39,0.46,N,1,0.26,0.55,11,6,0
47,84796,RENT,24,EDUCATION,A,31436,9.38,0.37,N,28,0.59,0.36,14,10,0
31,56751,RENT,2,HOMEIMPROVEMENT,C,25286,10.89,0.45,Y,8,0.33,0.21,13,3,1
62,35250,MORTGAGE,7,PERSONAL,A,17427,17.06,0.49,N,37,0.55,0.8,8,4,1
35,83928,MORTGAGE,8,MEDICAL,A,18695,19.19,0.22,N,2,0.07,0.66,11,4,0
41,20111,RENT,10,HOMEIMPROVEMENT,A,18545,11.56,0.92,N,19,0.27,0.33,5,0,0
26,124648,MORTGAGE,3,MEDICAL,B,29795,21.87,0.24,N,7,0.2,0.65,4,9,0
57,140983,MORTGAGE,6,MEDICAL,D,13359,19.68,0.09,N,1,0.31,0.57,1,0,0
27,108877,RENT,7,HOMEIMPROVEMENT,B,24866,20.49,0.23,N,2,0.2,0.54,4,9,0
48,53005,OWN,15,PERSONAL,B,41843,7.76,0.79,N,29,0.17,0.62,3,8,0
39,76835,RENT,2,MEDICAL,B,45080,6.7,0.59,Y,12,0.57,0.91,5,5,1
50,40827,OWN,16,EDUCATION,C,14007,7.83,0.34,N,20,0.27,0.2,8,8,0
62,128956,MORTGAGE,38,HOMEIMPROVEMENT,A,25251,17.49,0.2,N,19,0.53,0.33,7,6,1
51,36389,RENT,1,EDUCATION,E,15043,20.68,0.41,N,15,0.5,0.32,8,5,1
62,94134,RENT,37,PERSONAL,A,49974,6.06,0.53,N,40,0.08,0.25,4,1,0
21,29888,RENT,2,EDUCATION,A,26997,8.99,0.9,N,2,0.46,0.31,1,3,0
38,67937,MORTGAGE,12,VENTURE,A,25565,12.94,0.38,N,10,0.23,0.29,6,7,0
38,85101,MORTGAGE,9,VENTURE,A,44309,12.93,0.52,N,3,0.14,0.48,12,10,0
21,107235,MORTGAGE,2,PERSONAL,C,3347,11.6,0.03,N,1,0.47,0.91,12,7,1
40,126598,MORTGAGE,8,EDUCATION,A,6543,7.57,0.05,Y,14,0.35,0.71,2,10,1
23,125627,MORTGAGE,1,VENTURE,B,6213,20.11,0.05,N,2,0.36,0.34,4,5,0
44,30006,OWN,11,PERSONAL,B,9854,19.56,0.33,N,8,0.39,0.45,1,5,0
47,114533,MORTGAGE,2,VENTURE,B,25183,13.78,0.22,N,20,0.36,0.93,8,4,0
37,54880,MORTGAGE,16,EDUCATION,B,48361,18.63,0.88,N,11,0.07,0.13,9,6,1
52,132684,OWN,5,VENTURE,A,10524,11.49,0.08,N,12,0.41,0.11,2,6,0
51,22035,MORTGAGE,26,MEDICAL,B,14859,20.55,0.67,N,23,0.5,0.35,10,7,1
46,110852,MORTGAGE,25,EDUCATION,B,9308,7.29,0.08,N,9,0.43,0.15,10,0,0
29,101132,OWN,9,HOMEIMPROVEMENT,B,25351,9.43,0.25,Y,6,0.11,0.11,6,1,0
49,148867,OWN,21,HOMEIMPROVEMENT,A,1691,20.33,0.01,N,4,0.12,0.19,6,5,0
27,63355,OWN,3,VENTURE,D,22909,18.59,0.36,N,3,0.41,0.91,2,10,1
54,25239,OWN,6,PERSONAL,B,6120,17.5,0.24,N,12,0.41,0.75,10,11,1
48,60721,RENT,25,HOMEIMPROVEMENT,D,11599,9.84,0.19,N,23,0.4,0.34,8,0,0
54,107802,RENT,15,PERSONAL,C,9076,20.28,0.08,N,27,0.16,0.33,13,0,0
54,137718,MORTGAGE,28,MEDICAL,E,9266,12.69,0.07,N,11,0.4,0.76,7,2,0
30,108920,RENT,1,EDUCATION,B,38778,15.98,0.36,Y,1,0.28,0.23,1,2,1
22,141786,OWN,0,MEDICAL,C,11633,15.68,0.08,N,3,0.45,0.4,13,3,1
29,84512,OWN,10,VENTURE,E,11120,7.16,0.13,N,10,0.55,0.38,2,4,0
58,47241,MORTGAGE,37,MEDICAL,C,12350,12.64,0.26,N,7,0.41,0.91,9,9,1
61,42054,RENT,12,HOMEIMPROVEMENT,A,23207,17.24,0.55,Y,19,0.3,0.89,13,0,1
35,129802,RENT,10,EDUCATION,A,18950,8.74,0.15,N,12,0.35,0.26,9,10,0
55,140747,RENT,22,EDUCATION,C,20520,13.35,0.15,N,31,0.27,0.71,5,7,0
27,45765,OWN,4,MEDICAL,D,27179,6.43,0.59,N,6,0.52,0.62,7,5,1
44,71543,OWN,16,MEDICAL,A,7439,11.15,0.1,N,12,0.33,0.24,7,7,0
30,76827,OWN,7,EDUCATION,B,25648,18.16,0.33,N,2,0.42,0.89,7,7,1
44,123674,RENT,10,EDUCATION,D,1125,21.23,0.01,N,18,0.59,0.59,8,10,1
59,144581,OWN,29,PERSONAL,B,16852,19.5,0.12,Y,11,0.3,0.52,6,0,0
55,23696,OWN,26,EDUCATION,A,21313,11.71,0.9,N,18,0.6,0.43,5,10,1
46,114436,RENT,21,VENTURE,A,32881,14.91,0.29,N,25,0.35,0.67,14,9,0
58,124383,OWN,32,EDUCATION,A,41075,6.88,0.33,N,19,0.35,0.75,8,6,0
27,138115,MORTGAGE,8,HOMEIMPROVEMENT,A,1394,18.69,0.01,N,5,0.3,0.71,5,7,0
54,21539,RENT,16,EDUCATION,A,18027,9.34,0.84,Y,26,0.17,0.14,2,8,1
58,24858,OWN,16,EDUCATION,E,17524,15.72,0.7,N,27,0.41,0.72,7,6,1
37,93609,MORTGAGE,0,VENTURE,B,21953,7.2,0.23,N,18,0.53,0.93,13,11,1
40,140382,MORTGAGE,2,MEDICAL,C,6555,14.5,0.05,N,11,0.39,0.78,1,11,0
55,106103,MORTGAGE,32,VENTURE,D,44663,11.28,0.42,Y,23,0.43,0.75,6,6,1
40,38313,MORTGAGE,21,VENTURE,A,24705,12.26,0.64,Y,21,0.05,0.25,10,5,1
63,105473,MORTGAGE,24,MEDICAL,C,31607,15.55,0.3,N,19,0.49,0.62,6,2,0
48,62056,MORTGAGE,23,PERSONAL,E,34272,19.99,0.55,N,9,0.32,0.38,9,6,1
59,121067,OWN,38,VENTURE,B,31066,16.06,0.26,N,19,0.29,0.66,9,3,0
42,140900,MORTGAGE,23,VENTURE,A,22792,10.32,0.16,N,15,0.19,0.61,11,0,0
50,96708,OWN,24,MEDICAL,B,31346,12.92,0.32,N,21,0.09,0.84,7,3,0
43,144958,MORTGAGE,24,EDUCATION,B,1068,18.95,0.01,N,1,0.48,0.58,8,0,0
54,76234,OWN,6,PERSONAL,A,48376,15.78,0.63,N,29,0.5,0.39,13,1,1
34,121069,MORTGAGE,6,VENTURE,A,47998,11.53,0.4,N,12,0.42,0.77,7,2,0
57,50226,OWN,27,VENTURE,B,48021,15.95,0.96,Y,7,0.18,0.81,14,5,1
61,78741,OWN,36,PERSONAL,D,18653,8.1,0.24,N,22,0.12,0.7,11,8,0
35,74633,MORTGAGE,6,VENTURE,D,38927,12.44,0.52,N,3,0.22,0.26,5,5,0
41,121721,RENT,13,EDUCATION,A,48523,7.99,0.4,Y,1,0.53,0.54,8,4,1
27,118762,OWN,3,HOMEIMPROVEMENT,D,33975,14.76,0.29,Y,2,0.48,0.51,9,11,1
52,42277,OWN,29,HOMEIMPROVEMENT,B,18676,15.69,0.44,Y,25,0.31,0.12,7,7,1
34,147878,OWN,9,MEDICAL,A,1414,7.48,0.01,N,6,0.11,0.16,1,11,0
36,51750,OWN,13,VENTURE,B,9264,11.16,0.18,N,3,0.15,0.69,2,3,0
40,24529,RENT,15,EDUCATION,A,13192,15.76,0.54,Y,11,0.3,0.49,4,5,1
44,68951,MORTGAGE,16,PERSONAL,A,14440,19.18,0.21,N,4,0.58,0.32,10,2,0
33,105150,OWN,8,VENTURE,E,40882,20.06,0.39,N,13,0.47,0.89,3,5,1
49,24595,MORTGAGE,26,HOMEIMPROVEMENT,A,16402,19.55,0.67,N,4,0.51,0.23,13,8,1
29,114540,RENT,3,EDUCATION,D,43262,9.01,0.38,N,7,0.51,0.35,7,6,1
35,112554,RENT,14,VENTURE,A,25665,19.23,0.23,N,13,0.28,0.56,9,8,0
43,85277,MORTGAGE,0,EDUCATION,C,39031,18.81,0.46,N,5,0.59,0.37,12,4,1
26,146250,RENT,4,EDUCATION,E,48723,11.51,0.33,Y,4,0.17,0.23,3,8,1
56,129326,RENT,22,HOMEIMPROVEMENT,A,17173,17.49,0.13,Y,21,0.16,0.11,5,11,1
28,99777,MORTGAGE,1,HOMEIMPROVEMENT,C,24902,17.89,0.25,N,8,0.33,0.71,11,3,0
53,100141,MORTGAGE,16,EDUCATION,C,34837,17.31,0.35,Y,16,0.08,0.42,8,7,1
52,71920,OWN,16,PERSONAL,C,3573,17.87,0.05,N,2,0.4,0.32,6,5,0
26,130186,RENT,2,HOMEIMPROVEMENT,B,48015,20.39,0.37,Y,3,0.24,0.89,2,0,1
58,146189,RENT,2,EDUCATION,B,3451,10.0,0.02,N,17,0.28,0.81,7,2,0
24,36984,MORTGAGE,4,PERSONAL,A,18449,12.28,0.5,N,3,0.39,0.56,1,8,0
63,114202,MORTGAGE,25,PERSONAL,B,3581,10.87,0.03,N,3,0.21,0.48,8,4,0
44,50177,RENT,24,PERSONAL,C,17679,19.67,0.35,Y,9,0.39,0.58,9,0,0
34,83332,RENT,8,MEDICAL,A,32559,20.58,0.39,Y,6,0.43,0.9,8,0,1
33,30040,RENT,13,EDUCATION,A,14110,21.31,0.47,Y,12,0.2,0.84,14,10,1
34,126885,RENT,0,EDUCATION,C,20797,19.86,0.16,N,11,0.23,0.68,6,3,0
25,144997,MORTGAGE,0,MEDICAL,C,30546,11.5,0.21,N,4,0.37,0.19,3,5,0
51,61340,MORTGAGE,11,VENTURE,A,44351,19.32,0.72,N,25,0.5,0.13,3,3,1
56,67475,MORTGAGE,17,HOMEIMPROVEMENT,B,6538,11.72,0.1,Y,26,0.39,0.87,7,9,1
48,68787,RENT,0,HOMEIMPROVEMENT,A,9905,18.41,0.14,Y,18,0.23,0.54,1,8,1
49,102197,RENT,3,HOMEIMPROVEMENT,D,8059,17.01,0.08,N,18,0.57,0.24,12,5,1
26,37862,MORTGAGE,1,VENTURE,A,10705,6.36,0.28,N,1,0.34,0.43,5,7,0
22,96979,OWN,3,PERSONAL,A,34062,12.47,0.35,N,3,0.06,0.71,8,9,0
37,64772,MORTGAGE,12,PERSONAL,B,45871,16.82,0.71,N,12,0.14,0.69,9,5,0
35,121532,MORTGAGE,7,VENTURE,C,15382,12.54,0.13,N,13,0.45,0.64,3,3,0
34,44054,OWN,13,VENTURE,D,21107,9.09,0.48,N,7,0.19,0.14,10,0,0
22,114712,RENT,1,PERSONAL,A,22251,19.49,0.19,Y,3,0.34,0.44,8,1,1
35,147521,RENT,5,HOMEIMPROVEMENT,D,32688,13.97,0.22,N,7,0.47,0.89,1,8,1
25,47740,OWN,0,PERSONAL,B,7569,10.4,0.16,N,2,0.43,0.6,4,7,1
39,94991,RENT,10,EDUCATION,A,10063,19.87,0.11,N,7,0.42,0.28,2,9,1
24,22187,RENT,3,VENTURE,E,3330,14.24,0.15,Y,1,0.25,0.4,4,7,1
52,65619,OWN,14,EDUCATION,D,20539,21.57,0.31,N,8,0.29,0.34,8,10,1
38,25974,MORTGAGE,14,MEDICAL,A,20680,16.49,0.8,Y,7,0.35,0.58,2,7,1
49,39897,OWN,3,VENTURE,A,38377,6.28,0.96,N,18,0.52,0.3,9,0,0
24,142444,MORTGAGE,0,EDUCATION,A,35764,6.06,0.25,N,3,0.29,0.22,10,2,0
39,24838,OWN,15,HOMEIMPROVEMENT,A,4134,9.94,0.17,Y,5,0.37,0.84,11,6,1
59,35675,MORTGAGE,4,EDUCATION,A,13693,11.62,0.38,N,6,0.34,0.91,7,6,0
60,60172,OWN,1,MEDICAL,B,2629,19.9,0.04,Y,10,0.33,0.26,1,9,1
43,35457,OWN,7,PERSONAL,B,4980,12.53,0.14,N,22,0.32,0.39,7,8,0
37,66233,MORTGAGE,7,EDUCATION,C,2172,19.38,0.03,N,6,0.52,0.67,3,6,1
37,108260,MORTGAGE,4,VENTURE,B,27297,12.7,0.25,Y,12,0.36,0.23,7,4,0
49,49717,MORTGAGE,0,MEDICAL,E,42756,11.19,0.86,N,26,0.18,0.74,5,6,1
62,54593,RENT,26,HOMEIMPROVEMENT,B,29500,11.6,0.54,Y,35,0.12,0.52,1,4,1
48,139682,MORTGAGE,10,HOMEIMPROVEMENT,C,7221,13.13,0.05,N,16,0.23,0.66,14,10,0
46,81264,OWN,6,VENTURE,C,32958,10.12,0.41,N,20,0.29,0.51,12,2,0
40,63298,RENT,4,MEDICAL,C,49328,14.85,0.78,N,2,0.38,0.43,9,7,0
29,110536,RENT,0,MEDICAL,A,4631,10.07,0.04,N,10,0.56,0.32,8,4,0
47,127327,RENT,1,VENTURE,A,45652,20.98,0.36,N,26,0.24,0.86,1,3,1
27,33601,OWN,4,PERSONAL,C,27662,19.51,0.82,N,3,0.06,0.62,11,3,0
26,24746,RENT,5,VENTURE,A,14217,13.76,0.57,N,4,0.05,0.28,12,5,0
21,120497,RENT,2,HOMEIMPROVEMENT,B,48280,12.03,0.4,N,2,0.26,0.92,11,0,0
52,31577,RENT,16,VENTURE,D,12618,16.74,0.4,N,29,0.26,0.66,12,5,0
43,40008,RENT,10,HOMEIMPROVEMENT,A,39185,14.78,0.98,N,18,0.27,0.59,11,0,0
33,69733,MORTGAGE,11,PERSONAL,A,42800,13.8,0.61,Y,8,0.08,0.63,11,8,1
41,130764,MORTGAGE,5,MEDICAL,B,46557,7.0,0.36,Y,4,0.14,0.72,2,2,0
32,52632,MORTGAGE,8,MEDICAL,D,24653,9.31,0.47,N,12,0.22,0.55,12,7,1
51,69862,RENT,16,PERSONAL,D,47290,10.59,0.68,N,3,0.55,0.21,13,1,1
54,145985,RENT,32,PERSONAL,C,34475,10.44,0.24,Y,20,0.57,0.35,2,6,1
57,86615,MORTGAGE,25,VENTURE,B,46278,10.82,0.53,Y,32,0.26,0.48,4,11,1
30,145812,RENT,0,EDUCATION,A,29927,12.73,0.21,N,1,0.23,0.32,3,4,0
55,106335,RENT,7,PERSONAL,D,10107,17.66,0.1,N,22,0.08,0.2,3,10,1
43,64569,RENT,1,VENTURE,B,27029,13.5,0.42,N,4,0.28,0.48,7,6,1
31,57389,RENT,4,HOMEIMPROVEMENT,B,34607,15.05,0.6,N,7,0.4,0.71,12,1,0
58,78001,OWN,4,HOMEIMPROVEMENT,C,17244,12.86,0.22,N,34,0.5,0.22,5,5,0
53,87136,RENT,4,HOMEIMPROVEMENT,C,39839,14.92,0.46,N,6,0.46,0.7,8,5,0
52,35174,MORTGAGE,18,HOMEIMPROVEMENT,E,22793,12.98,0.65,N,19,0.16,0.49,10,0,0
34,78122,OWN,12,VENTURE,B,34953,16.56,0.45,Y,8,0.21,0.53,11,3,1
48,127772,MORTGAGE,8,EDUCATION,A,5942,14.64,0.05,N,10,0.15,0.62,7,11,0
34,65986,RENT,11,HOMEIMPROVEMENT,A,10305,20.31,0.16,N,15,0.46,0.53,4,3,0
21,20042,RENT,1,HOMEIMPROVEMENT,A,2577,15.2,0.13,Y,2,0.09,0.18,10,6,1
39,25315,RENT,5,EDUCATION,B,10497,21.25,0.41,N,7,0.51,0.49,7,8,1
38,144544,RENT,0,PERSONAL,A,13055,18.92,0.09,N,5,0.07,0.81,7,7,1
36,128177,MORTGAGE,14,VENTURE,C,20589,21.11,0.16,N,4,0.43,0.2,13,10,1
30,50104,MORTGAGE,4,EDUCATION,C,38594,16.61,0.77,N,2,0.43,0.12,1,3,1
27,108794,MORTGAGE,2,HOMEIMPROVEMENT,C,2168,10.87,0.02,N,1,0.26,0.75,12,6,0
59,121311,MORTGAGE,26,VENTURE,E,15325,7.2,0.13,Y,28,0.31,0.93,2,4,1
41,64789,MORTGAGE,10,HOMEIMPROVEMENT,B,27086,8.0,0.42,N,17,0.42,0.5,10,11,1
34,131451,OWN,9,PERSONAL,D,19263,20.48,0.15,N,11,0.54,0.42,11,9,1
63,135237,MORTGAGE,5,HOMEIMPROVEMENT,E,29558,16.9,0.22,N,5,0.28,0.9,7,11,1
61,140400,OWN,29,MEDICAL,B,9245,6.84,0.07,N,19,0.11,0.94,1,3,0
34,120271,MORTGAGE,0,HOMEIMPROVEMENT,B,25816,20.75,0.21,N,2,0.37,0.16,5,9,1
41,108913,MORTGAGE,2,EDUCATION,C,46971,11.7,0.43,N,13,0.3,0.46,5,4,0
55,105683,OWN,31,HOMEIMPROVEMENT,A,24991,7.49,0.24,N,33,0.54,0.26,12,9,0
55,47262,RENT,24,VENTURE,E,38340,19.23,0.81,Y,12,0.21,0.91,2,7,1
32,77676,RENT,8,VENTURE,B,33463,21.81,0.43,N,3,0.34,0.95,10,2,1
29,103040,OWN,0,EDUCATION,B,31041,21.45,0.3,N,5,0.39,0.67,2,1,0
55,117799,OWN,23,HOMEIMPROVEMENT,E,13242,10.73,0.11,N,27,0.38,0.23,12,11,0
55,90592,OWN,34,MEDICAL,C,48716,21.55,0.54,N,3,0.47,0.58,14,6,1
56,125752,MORTGAGE,22,PERSONAL,A,20403,9.82,0.16,Y,37,0.29,0.84,2,10,1
63,85333,OWN,8,PERSONAL,B,6463,7.39,0.08,N,41,0.5,0.55,11,6,0
21,41883,MORTGAGE,2,EDUCATION,D,33974,11.33,0.81,N,1,0.54,0.33,10,7,1
60,135284,MORTGAGE,1,PERSONAL,C,42605,18.63,0.31,N,30,0.14,0.17,1,10,1
56,99923,OWN,16,PERSONAL,C,16154,7.23,0.16,N,14,0.24,0.22,1,8,0
57,34745,MORTGAGE,34,MEDICAL,A,14921,16.44,0.43,Y,16,0.42,0.63,12,5,1
53,93251,RENT,32,VENTURE,C,32770,11.45,0.35,N,32,0.47,0.52,6,0,0
59,101384,MORTGAGE,3,EDUCATION,A,48645,7.28,0.48,N,11,0.49,0.88,4,1,1
42,88684,OWN,15,MEDICAL,E,8933,14.98,0.1,N,11,0.23,0.88,10,11,1
58,100206,MORTGAGE,14,VENTURE,A,38438,7.01,0.38,N,20,0.07,0.92,9,7,0
44,117201,RENT,17,VENTURE,E,22951,19.68,0.2,N,12,0.15,0.34,1,3,0
59,95697,OWN,29,VENTURE,A,33277,11.07,0.35,N,20,0.09,0.31,10,2,0
51,73238,RENT,7,EDUCATION,A,16029,8.36,0.22,N,17,0.06,0.27,14,9,0
34,110027,RENT,1,PERSONAL,D,5830,8.28,0.05,N,7,0.09,0.63,9,11,1
24,132121,MORTGAGE,3,HOMEIMPROVEMENT,D,15260,8.38,0.12,N,5,0.25,0.19,3,9,0
48,89569,RENT,17,PERSONAL,A,18087,6.77,0.2,N,9,0.53,0.94,13,8,1
47,46148,OWN,13,EDUCATION,A,43608,6.22,0.94,N,16,0.35,0.24,4,2,0
56,26704,MORTGAGE,8,PERSONAL,B,2971,15.47,0.11,Y,22,0.36,0.79,1,0,0
41,46627,RENT,6,HOMEIMPROVEMENT,D,45910,19.09,0.98,N,17,0.54,0.94,1,11,1
64,50194,MORTGAGE,21,VENTURE,C,4358,19.67,0.09,Y,21,0.14,0.73,2,2,0
47,77520,MORTGAGE,0,MEDICAL,C,26318,19.35,0.34,Y,13,0.15,0.53,11,5,1
48,41976,RENT,6,VENTURE,C,24776,10.35,0.59,Y,27,0.28,0.8,9,2,1
56,38020,OWN,27,MEDICAL,D,4583,14.83,0.12,N,21,0.17,0.37,2,6,0
44,130616,RENT,6,PERSONAL,A,6299,12.7,0.05,Y,24,0.22,0.76,11,5,0
44,104983,OWN,23,PERSONAL,D,25288,21.51,0.24,Y,25,0.14,0.27,2,10,1
58,136634,OWN,33,PERSONAL,E,48118,11.67,0.35,N,21,0.58,0.63,14,5,0
21,130379,OWN,1,EDUCATION,D,41741,21.89,0.32,N,2,0.28,0.53,10,10,1
53,68232,OWN,26,EDUCATION,A,16636,19.59,0.24,N,21,0.36,0.24,9,9,0
36,106900,RENT,4,EDUCATION,E,38259,11.26,0.36,N,4,0.57,0.76,7,4,0
25,65890,RENT,2,VENTURE,A,33888,17.48,0.51,N,5,0.59,0.1,13,1,1
51,50733,MORTGAGE,32,MEDICAL,B,49632,11.59,0.98,N,31,0.6,0.92,13,2,1
39,131895,OWN,12,PERSONAL,A,10371,16.44,0.08,N,18,0.17,0.53,1,3,0
49,127076,OWN,20,EDUCATION,B,26823,18.19,0.21,N,24,0.59,0.32,7,0,0
50,84595,MORTGAGE,2,EDUCATION,B,44094,21.13,0.52,N,26,0.33,0.83,1,4,1
36,104511,OWN,1,HOMEIMPROVEMENT,B,28097,19.53,0.27,N,6,0.16,0.29,8,10,1
59,54911,MORTGAGE,23,EDUCATION,B,24190,20.89,0.44,Y,37,0.18,0.68,7,8,1
58,20244,OWN,20,VENTURE,B,14917,15.67,0.74,Y,27,0.07,0.87,8,6,1
51,44074,RENT,22,PERSONAL,A,30825,17.22,0.7,N,27,0.56,0.67,5,9,1
33,79204,OWN,11,EDUCATION,A,26293,7.49,0.33,Y,6,0.37,0.84,13,4,1
31,138558,MORTGAGE,0,VENTURE,B,45527,15.65,0.33,N,7,0.11,0.6,11,4,0
43,50161,MORTGAGE,0,EDUCATION,C,5507,12.69,0.11,N,18,0.2,0.17,8,10,0
62,67249,OWN,16,VENTURE,B,47365,6.81,0.7,Y,21,0.27,0.39,11,4,1
33,83027,RENT,9,EDUCATION,B,39985,14.71,0.48,Y,13,0.3,0.39,2,0,1
56,53872,RENT,23,VENTURE,A,21583,8.88,0.4,Y,6,0.56,0.69,7,8,1
33,76378,MORTGAGE,6,VENTURE,A,6585,12.42,0.09,N,14,0.54,0.8,11,8,0
41,101976,OWN,22,VENTURE,A,2875,9.4,0.03,N,2,0.11,0.21,6,3,0
39,126034,RENT,3,PERSONAL,A,17979,7.62,0.14,N,2,0.36,0.2,7,6,0
47,91792,RENT,16,EDUCATION,A,9367,16.69,0.1,N,8,0.56,0.34,13,1,0
45,51655,RENT,23,EDUCATION,E,7683,9.95,0.15,Y,3,0.23,0.72,4,10,1
21,55282,RENT,1,VENTURE,B,32891,18.74,0.59,N,1,0.47,0.38,6,3,1
23,129241,RENT,2,EDUCATION,D,30265,9.31,0.23,N,4,0.46,0.3,11,11,1
26,84166,RENT,3,VENTURE,B,27390,19.15,0.33,N,2,0.1,0.47,11,7,0
33,115402,MORTGAGE,4,MEDICAL,B,48764,6.73,0.42,N,1,0.33,0.62,9,3,0
64,106478,OWN,35,EDUCATION,A,25251,7.83,0.24,N,22,0.5,0.33,3,5,0
46,62903,OWN,16,PERSONAL,A,42506,13.02,0.68,N,13,0.23,0.75,10,2,0
52,26102,MORTGAGE,32,EDUCATION,E,20711,13.76,0.79,Y,18,0.36,0.9,10,2,1
35,24132,RENT,7,PERSONAL,B,3670,11.37,0.15,N,9,0.19,0.84,6,5,0
54,72185,RENT,30,HOMEIMPROVEMENT,B,15685,10.34,0.22,Y,29,0.5,0.2,12,8,1
33,38546,MORTGAGE,12,PERSONAL,A,8319,18.64,0.22,Y,13,0.45,0.74,3,6,1
27,145639,RENT,4,HOMEIMPROVEMENT,A,9680,9.71,0.07,N,4,0.1,0.78,1,7,0
61,42184,OWN,10,HOMEIMPROVEMENT,A,36133,21.56,0.86,N,31,0.53,0.49,6,5,1
49,111820,RENT,7,PERSONAL,A,37693,16.1,0.34,Y,2,0.44,0.77,13,0,1
36,89310,RENT,9,MEDICAL,C,38695,18.68,0.43,N,13,0.56,0.82,2,3,1
43,146202,MORTGAGE,23,EDUCATION,A,15364,11.18,0.11,Y,22,0.31,0.74,13,1,0
51,135053,RENT,10,PERSONAL,C,5531,18.39,0.04,N,7,0.48,0.4,10,4,0
59,75235,RENT,34,EDUCATION,E,48922,7.54,0.65,Y,31,0.28,0.26,5,0,1
33,69282,RENT,3,HOMEIMPROVEMENT,C,2499,19.09,0.04,N,11,0.09,0.93,13,11,1
34,59029,OWN,9,HOMEIMPROVEMENT,A,10096,21.14,0.17,N,15,0.42,0.25,7,7,1
50,72648,MORTGAGE,12,VENTURE,A,31180,16.46,0.43,N,7,0.15,0.34,6,1,0
35,133218,MORTGAGE,1,MEDICAL,C,47688,21.01,0.36,N,7,0.46,0.8,2,10,1
59,24895,RENT,32,EDUCATION,A,18396,19.22,0.74,Y,38,0.14,0.15,4,0,1
25,91033,MORTGAGE,5,VENTURE,E,14751,18.5,0.16,Y,1,0.18,0.67,4,7,1
41,96034,MORTGAGE,14,PERSONAL,B,33852,10.16,0.35,Y,14,0.3,0.69,13,6,1
31,31628,RENT,7,PERSONAL,B,5553,20.02,0.18,Y,11,0.32,0.81,2,10,1
58,55268,RENT,22,VENTURE,C,26563,15.77,0.48,Y,15,0.3,0.53,3,8,1
43,91537,OWN,9,VENTURE,C,5567,6.62,0.06,N,13,0.09,0.48,1,4,0
35,48317,MORTGAGE,1,MEDICAL,A,36242,10.36,0.75,Y,13,0.35,0.68,7,6,1
38,124716,MORTGAGE,4,HOMEIMPROVEMENT,A,45593,8.87,0.37,N,16,0.21,0.78,9,0,0
35,108741,RENT,14,HOMEIMPROVEMENT,C,9412,12.2,0.09,Y,3,0.16,0.91,2,7,1
54,47281,OWN,17,VENTURE,B,31469,14.69,0.67,N,1,0.22,0.66,10,10,0
51,98712,OWN,25,PERSONAL,D,14546,18.87,0.15,Y,1,0.06,0.32,9,0,1
55,90994,MORTGAGE,28,MEDICAL,A,3699,21.78,0.04,N,30,0.14,0.38,9,7,0
33,79799,RENT,13,VENTURE,B,31593,6.61,0.4,N,12,0.48,0.31,6,11,0
42,100077,OWN,15,HOMEIMPROVEMENT,A,47435,15.69,0.47,N,1,0.51,0.62,6,2,1
59,50985,RENT,19,VENTURE,D,8991,20.82,0.18,Y,29,0.36,0.42,4,9,1
61,131562,RENT,24,EDUCATION,C,36545,13.16,0.28,N,36,0.23,0.59,11,8,0
38,83811,MORTGAGE,0,PERSONAL,A,16417,20.04,0.2,N,10,0.51,0.74,5,9,1
26,107980,RENT,2,PERSONAL,B,19061,7.67,0.18,N,3,0.15,0.5,8,2,0
26,130234,RENT,7,PERSONAL,C,37491,14.6,0.29,N,3,0.33,0.45,7,3,0
27,50314,RENT,3,PERSONAL,D,19047,11.56,0.38,N,8,0.44,0.41,4,7,1
55,130034,MORTGAGE,5,EDUCATION,A,19706,6.57,0.15,N,8,0.58,0.11,13,6,0
35,42228,OWN,4,EDUCATION,E,12319,10.98,0.29,N,15,0.09,0.69,12,6,0
52,115839,MORTGAGE,23,VENTURE,A,4304,12.46,0.04,N,12,0.19,0.52,1,4,0
29,62369,OWN,2,MEDICAL,B,22107,17.49,0.35,N,7,0.33,0.94,3,7,1
26,46201,MORTGAGE,3,EDUCATION,B,30309,17.65,0.66,Y,2,0.55,0.76,4,5,1
21,58526,OWN,0,PERSONAL,B,20014,11.83,0.34,N,1,0.38,0.22,2,8,0
27,137957,OWN,5,HOMEIMPROVEMENT,E,26600,8.19,0.19,Y,4,0.47,0.49,14,10,1
42,43555,OWN,19,PERSONAL,C,20333,6.86,0.47,Y,11,0.1,0.54,3,5,1
54,36673,OWN,35,EDUCATION,A,24707,17.03,0.67,N,11,0.16,0.44,7,1,0
38,34039,OWN,9,VENTURE,D,23209,9.59,0.68,N,16,0.54,0.79,12,11,1
25,124970,RENT,6,EDUCATION,D,13479,19.24,0.11,Y,5,0.44,0.56,3,5,1
28,130861,MORTGAGE,1,PERSONAL,D,18263,15.25,0.14,N,7,0.21,0.75,9,11,1
22,26645,MORTGAGE,3,EDUCATION,E,6232,12.41,0.23,Y,2,0.47,0.19,8,6,1
45,60934,MORTGAGE,14,VENTURE,B,49884,12.24,0.82,N,11,0.48,0.56,12,3,0
62,41689,OWN,38,EDUCATION,C,23925,14.79,0.57,N,5,0.46,0.56,11,1,0
31,73634,RENT,11,EDUCATION,A,35633,20.36,0.48,N,11,0.17,0.13,5,11,1
43,144984,RENT,10,HOMEIMPROVEMENT,A,33720,11.74,0.23,N,20,0.37,0.78,8,1,0
63,127814,MORTGAGE,11,HOMEIMPROVEMENT,A,10964,10.78,0.09,N,1,0.26,0.48,4,7,0
22,20015,MORTGAGE,1,VENTURE,D,17005,14.28,0.85,N,1,0.17,0.62,1,8,1
56,90597,MORTGAGE,2,PERSONAL,C,26489,15.12,0.29,N,18,0.17,0.64,6,9,0
28,94642,MORTGAGE,8,EDUCATION,B,39700,7.58,0.42,N,8,0.26,0.19,5,8,0
57,83226,OWN,17,PERSONAL,B,15901,14.91,0.19,N,12,0.35,0.91,7,1,0
52,98291,RENT,27,HOMEIMPROVEMENT,D,8235,8.83,0.08,N,3,0.58,0.57,8,6,1
60,36023,MORTGAGE,2,PERSONAL,B,2685,6.9,0.07,N,24,0.51,0.28,12,4,0
27,117151,OWN,4,EDUCATION,A,36434,19.0,0.31,N,1,0.54,0.68,1,8,1
55,112694,OWN,32,MEDICAL,B,23757,9.68,0.21,N,36,0.52,0.42,8,7,0
27,113944,MORTGAGE,4,VENTURE,C,15017,11.49,0.13,Y,2,0.3,0.38,7,4,0
52,117035,RENT,12,EDUCATION,B,28794,7.77,0.25,N,25,0.07,0.62,9,5,0
41,113419,OWN,15,EDUCATION,B,34649,17.13,0.31,N,3,0.33,0.22,14,1,0
54,74431,RENT,28,HOMEIMPROVEMENT,D,41385,8.42,0.56,Y,7,0.06,0.15,7,5,1
30,110298,OWN,7,PERSONAL,E,41428,13.46,0.38,Y,4,0.54,0.82,12,8,1
46,33698,RENT,22,MEDICAL,A,6578,14.63,0.2,Y,4,0.13,0.87,6,10,1
21,33854,RENT,1,MEDICAL,D,3159,17.34,0.09,N,2,0.21,0.37,9,7,1
44,103804,RENT,14,HOMEIMPROVEMENT,B,42581,9.27,0.41,N,18,0.58,0.41,4,1,0
37,39873,MORTGAGE,8,EDUCATION,E,19908,8.27,0.5,N,6,0.23,0.93,3,0,1
54,69294,RENT,9,EDUCATION,D,38349,8.96,0.55,Y,31,0.07,0.81,6,9,1
33,36448,OWN,3,HOMEIMPROVEMENT,C,14112,12.82,0.39,N,8,0.16,0.91,3,10,0
26,137832,RENT,6,PERSONAL,D,27015,10.78,0.2,N,4,0.53,0.71,14,3,0
30,71649,RENT,2,VENTURE,A,11058,15.58,0.15,Y,2,0.13,0.2,7,11,1
33,135060,OWN,7,MEDICAL,A,2949,18.53,0.02,N,9,0.37,0.83,14,8,1
41,145234,MORTGAGE,13,MEDICAL,A,30346,13.55,0.21,N,18,0.07,0.48,7,1,0
60,90726,OWN,31,EDUCATION,A,41495,15.34,0.46,N,20,0.53,0.17,7,10,1
42,131672,RENT,1,EDUCATION,B,1097,19.79,0.01,Y,19,0.41,0.56,8,7,1
41,102593,RENT,18,HOMEIMPROVEMENT,B,8312,20.36,0.08,N,2,0.31,0.36,10,4,0
38,107938,OWN,16,PERSONAL,A,10797,19.5,0.1,N,18,0.24,0.79,1,10,0
41,23726,RENT,0,VENTURE,E,5806,15.02,0.24,N,19,0.26,0.48,1,0,1
64,76799,MORTGAGE,22,MEDICAL,B,34932,20.22,0.45,Y,28,0.32,0.45,3,2,1
59,95713,MORTGAGE,31,HOMEIMPROVEMENT,A,31220,15.87,0.33,N,17,0.11,0.42,8,2,0
35,103038,MORTGAGE,15,EDUCATION,C,4017,16.64,0.04,N,11,0.45,0.1,5,11,1
64,72204,RENT,28,HOMEIMPROVEMENT,A,38571,9.65,0.53,N,31,0.31,0.25,9,0,0
34,147360,RENT,12,PERSONAL,E,14570,6.49,0.1,N,6,0.15,0.41,3,3,0
26,125494,RENT,3,MEDICAL,B,30389,8.3,0.24,N,3,0.41,0.85,12,5,0
44,130478,MORTGAGE,16,MEDICAL,D,21221,21.64,0.16,N,14,0.4,0.49,14,2,0
28,111502,MORTGAGE,4,MEDICAL,A,43109,14.82,0.39,N,8,0.38,0.45,8,0,0
54,44217,RENT,4,HOMEIMPROVEMENT,B,33994,9.0,0.77,N,29,0.21,0.88,6,2,0
24,81627,OWN,0,EDUCATION,C,38804,7.49,0.48,Y,4,0.33,0.71,5,9,1
62,58243,RENT,37,VENTURE,E,27657,14.87,0.47,N,25,0.32,0.71,5,9,1
54,84356,RENT,19,VENTURE,A,9252,18.42,0.11,N,7,0.49,0.4,2,2,0
44,118746,MORTGAGE,2,VENTURE,C,5652,12.15,0.05,N,14,0.07,0.43,10,2,0
63,24722,MORTGAGE,25,MEDICAL,A,9911,11.5,0.4,N,20,0.44,0.18,14,10,0
35,108529,RENT,2,MEDICAL,D,35033,12.21,0.32,N,10,0.2,0.53,7,7,0
41,107208,MORTGAGE,8,HOMEIMPROVEMENT,D,34193,21.63,0.32,N,4,0.47,0.94,1,4,1
23,41605,OWN,3,HOMEIMPROVEMENT,C,7722,17.29,0.19,N,3,0.39,0.13,11,10,0
22,65853,MORTGAGE,2,PERSONAL,B,33275,6.07,0.51,N,3,0.56,0.39,4,4,0
22,55011,MORTGAGE,1,VENTURE,C,35528,8.46,0.65,N,1,0.57,0.11,6,4,1
63,52795,OWN,20,PERSONAL,B,20875,7.7,0.4,N,38,0.21,0.37,6,9,0
39,143422,OWN,1,VENTURE,B,42745,20.01,0.3,N,4,0.39,0.17,2,9,1
63,115024,MORTGAGE,24,MEDICAL,B,45105,19.94,0.39,N,7,0.26,0.6,8,0,0
43,92920,RENT,1,EDUCATION,A,23553,20.99,0.25,Y,20,0.19,0.66,2,1,1
52,77225,MORTGAGE,10,EDUCATION,C,18221,21.5,0.24,N,17,0.11,0.55,5,7,0
48,108941,OWN,24,EDUCATION,D,13803,8.95,0.13,N,18,0.08,0.32,14,4,0
41,100192,RENT,7,VENTURE,B,19656,10.06,0.2,N,16,0.06,0.35,7,5,0
33,61984,OWN,1,HOMEIMPROVEMENT,A,47525,10.09,0.77,N,14,0.24,0.54,6,6,1
42,20908,MORTGAGE,11,MEDICAL,A,5617,21.75,0.27,N,8,0.29,0.46,12,8,0
25,88011,OWN,2,HOMEIMPROVEMENT,D,5255,14.64,0.06,N,6,0.38,0.68,12,9,0
27,40746,OWN,6,EDUCATION,D,33651,17.23,0.83,N,6,0.24,0.9,5,4,1
28,47445,RENT,1,VENTURE,B,17198,12.22,0.36,N,6,0.19,0.59,9,7,0
29,145332,RENT,2,MEDICAL,A,19302,16.6,0.13,N,10,0.34,0.68,9,10,0
61,80496,MORTGAGE,0,PERSONAL,D,5905,7.85,0.07,N,27,0.51,0.49,9,2,1
29,77924,RENT,0,EDUCATION,C,23881,14.31,0.31,N,7,0.2,0.45,4,10,0
26,97952,MORTGAGE,6,VENTURE,C,42382,9.35,0.43,Y,7,0.42,0.76,7,4,1
31,52254,OWN,3,PERSONAL,E,40756,14.52,0.78,N,1,0.25,0.49,5,6,1
41,97709,OWN,1,MEDICAL,D,27698,9.41,0.28,N,6,0.39,0.93,2,1,1
25,58493,OWN,0,VENTURE,E,4959,6.16,0.08,N,2,0.5,0.55,2,9,1
56,123801,OWN,9,PERSONAL,B,17645,20.54,0.14,N,7,0.23,0.62,8,6,0
48,82904,RENT,2,EDUCATION,A,3611,19.35,0.04,Y,29,0.24,0.32,8,2,0
37,125649,MORTGAGE,4,PERSONAL,A,33813,13.07,0.27,N,1,0.22,0.41,6,7,0
60,95414,MORTGAGE,2,EDUCATION,C,11377,11.23,0.12,N,8,0.5,0.78,5,9,0
56,130118,OWN,15,EDUCATION,D,28127,18.2,0.22,N,21,0.13,0.42,7,9,1
21,82744,RENT,2,VENTURE,A,9619,10.38,0.12,Y,1,0.31,0.37,6,8,1
59,139619,MORTGAGE,0,MEDICAL,A,35395,15.33,0.25,Y,35,0.13,0.79,4,2,1
21,132878,OWN,0,HOMEIMPROVEMENT,A,1037,6.81,0.01,N,1,0.13,0.63,9,8,0
33,103869,MORTGAGE,0,EDUCATION,C,24116,7.26,0.23,N,6,0.23,0.93,10,9,1
60,110488,RENT,33,PERSONAL,B,6363,13.18,0.06,N,13,0.58,0.38,10,1,0
59,114426,RENT,28,EDUCATION,E,2518,21.22,0.02,N,27,0.29,0.69,3,3,0
46,53037,MORTGAGE,21,HOMEIMPROVEMENT,C,23523,14.84,0.44,Y,25,0.46,0.34,6,7,1
38,63007,OWN,0,MEDICAL,D,21739,12.84,0.35,N,9,0.57,0.81,5,11,1
63,76805,RENT,19,HOMEIMPROVEMENT,C,2986,9.4,0.04,N,2,0.5,0.7,10,4,0
56,81365,RENT,16,HOMEIMPROVEMENT,C,13780,8.05,0.17,N,35,0.3,0.5,11,2,0
49,61486,MORTGAGE,11,PERSONAL,B,28236,15.23,0.46,Y,29,0.06,0.41,14,4,1
62,59599,OWN,7,VENTURE,A,1968,15.05,0.03,N,3,0.46,0.25,5,8,1
57,44624,MORTGAGE,32,MEDICAL,B,21245,18.91,0.48,N,5,0.07,0.64,5,4,0
47,32501,MORTGAGE,9,HOMEIMPROVEMENT,C,3108,17.81,0.1,N,27,0.1,0.59,9,10,0
21,107834,OWN,2,PERSONAL,C,17076,12.49,0.16,N,2,0.43,0.28,3,2,0
28,130510,OWN,2,PERSONAL,B,15541,12.26,0.12,N,2,0.41,0.36,6,5,0
48,75621,MORTGAGE,11,MEDICAL,D,20604,16.92,0.27,N,22,0.16,0.86,12,10,1
32,59743,RENT,8,VENTURE,A,46987,7.66,0.79,N,3,0.56,0.7,12,4,0
24,42099,RENT,1,EDUCATION,B,31255,16.03,0.74,N,5,0.4,0.57,10,1,1
64,48205,OWN,10,HOMEIMPROVEMENT,E,16627,17.23,0.34,Y,8,0.43,0.86,14,1,1
40,107475,RENT,11,EDUCATION,B,31828,19.91,0.3,N,16,0.57,0.38,13,0,0
43,100317,OWN,13,MEDICAL,C,8910,14.87,0.09,N,9,0.23,0.52,1,2,0
45,58417,RENT,12,MEDICAL,D,28281,16.76,0.48,N,25,0.08,0.38,9,7,1
30,100562,RENT,1,HOMEIMPROVEMENT,A,42887,8.81,0.43,Y,9,0.4,0.9,5,7,1
64,48074,OWN,34,PERSONAL,B,27853,15.39,0.58,N,5,0.57,0.75,14,9,1
36,57756,MORTGAGE,8,PERSONAL,A,42198,11.21,0.73,N,9,0.4,0.58,10,7,0
32,87594,MORTGAGE,5,PERSONAL,E,12519,12.14,0.14,N,9,0.12,0.18,4,11,0
32,59915,MORTGAGE,3,VENTURE,B,16343,17.15,0.27,N,8,0.06,0.65,1,11,0
34,90543,MORTGAGE,3,EDUCATION,B,41343,18.27,0.46,N,9,0.58,0.37,13,2,1
44,112404,RENT,11,MEDICAL,D,49481,20.96,0.44,N,2,0.18,0.86,14,10,1
34,147449,RENT,11,EDUCATION,E,9150,14.5,0.06,Y,2,0.46,0.13,8,2,1
46,147795,RENT,21,HOMEIMPROVEMENT,D,15567,21.17,0.11,N,6,0.38,0.7,4,6,1
30,120727,MORTGAGE,10,EDUCATION,E,15988,20.55,0.13,N,4,0.47,0.25,2,6,1
37,100205,OWN,9,HOMEIMPROVEMENT,D,47499,12.16,0.47,N,16,0.46,0.2,14,11,1
21,45395,RENT,2,MEDICAL,C,14273,21.81,0.31,N,2,0.26,0.91,12,6,1
35,144717,OWN,9,PERSONAL,E,47485,9.26,0.33,N,15,0.21,0.54,6,0,0
56,140738,RENT,5,MEDICAL,C,5474,10.8,0.04,N,8,0.5,0.29,9,4,0
49,79638,MORTGAGE,2,EDUCATION,A,20531,15.06,0.26,Y,19,0.47,0.11,14,11,1
57,109001,RENT,16,EDUCATION,D,31580,20.33,0.29,N,30,0.48,0.63,3,9,1
52,107939,OWN,29,PERSONAL,A,15820,9.99,0.15,Y,15,0.47,0.29,7,10,1
52,144279,MORTGAGE,9,HOMEIMPROVEMENT,B,47113,12.16,0.33,N,16,0.36,0.51,9,0,0
60,43185,RENT,1,PERSONAL,D,12999,6.67,0.3,Y,6,0.26,0.56,4,11,1
40,117375,MORTGAGE,5,VENTURE,D,18084,20.08,0.15,N,7,0.39,0.14,4,5,0
61,28039,OWN,3,MEDICAL,C,7303,7.94,0.26,N,29,0.42,0.89,12,5,0
29,63262,OWN,2,VENTURE,C,21605,18.29,0.34,N,6,0.07,0.82,9,4,0
53,78560,OWN,2,PERSONAL,C,20881,15.26,0.27,N,3,0.45,0.4,13,6,1
40,125160,RENT,0,EDUCATION,A,23841,12.55,0.19,N,21,0.53,0.35,13,6,1
43,52202,OWN,0,VENTURE,D,26875,20.94,0.51,N,8,0.37,0.48,10,3,1
28,85563,MORTGAGE,4,EDUCATION,C,26339,11.86,0.31,N,3,0.55,0.81,4,6,1
34,25703,OWN,5,PERSONAL,A,11649,7.56,0.45,N,15,0.4,0.19,12,10,0
48,21648,OWN,29,MEDICAL,A,16918,8.7,0.78,Y,10,0.31,0.52,14,0,1
36,80940,MORTGAGE,3,MEDICAL,A,21835,13.07,0.27,N,14,0.35,0.32,6,8,0
57,49332,RENT,17,MEDICAL,E,24495,16.01,0.5,N,17,0.51,0.54,6,2,1
46,53893,OWN,9,MEDICAL,B,32007,10.39,0.59,N,14,0.2,0.65,4,2,0
36,124059,MORTGAGE,0,VENTURE,C,1005,14.05,0.01,N,15,0.12,0.6,3,1,0
43,77823,OWN,12,EDUCATION,D,10615,9.49,0.14,N,4,0.23,0.21,7,5,0
23,42580,RENT,1,PERSONAL,A,21291,8.39,0.5,N,1,0.1,0.7,12,0,0
61,62752,RENT,7,MEDICAL,E,43070,12.51,0.69,N,22,0.19,0.41,12,5,0
64,136041,OWN,24,PERSONAL,A,41097,16.2,0.3,N,7,0.12,0.59,3,2,0
57,114760,MORTGAGE,24,PERSONAL,D,47205,19.88,0.41,N,20,0.12,0.31,2,3,1
59,134364,RENT,15,VENTURE,A,43213,15.98,0.32,N,6,0.59,0.33,11,6,1
35,128036,RENT,13,VENTURE,C,34457,18.54,0.27,Y,9,0.54,0.85,8,6,1
56,96396,MORTGAGE,22,PERSONAL,C,43156,6.58,0.45,N,9,0.13,0.65,2,2,0
42,52125,OWN,7,HOMEIMPROVEMENT,A,18459,18.0,0.35,Y,14,0.13,0.48,14,10,1
28,24567,RENT,1,VENTURE,D,16235,9.18,0.66,N,9,0.18,0.7,8,6,1
32,22850,MORTGAGE,0,VENTURE,C,12953,11.26,0.57,Y,1,0.15,0.52,11,3,1
36,87592,OWN,8,MEDICAL,A,40994,8.35,0.47,N,12,0.41,0.72,11,10,1
31,90792,MORTGAGE,1,VENTURE,C,20019,12.07,0.22,Y,1,0.46,0.59,13,7,1
54,35690,RENT,32,MEDICAL,B,13062,10.61,0.37,N,34,0.08,0.18,6,6,0
30,82260,MORTGAGE,10,VENTURE,C,38525,21.02,0.47,Y,5,0.16,0.6,2,8,1
60,27619,RENT,35,PERSONAL,C,19226,14.51,0.7,N,40,0.16,0.27,4,3,0
24,59901,OWN,5,EDUCATION,A,6906,20.12,0.12,N,4,0.46,0.37,1,6,1
59,148353,MORTGAGE,25,PERSONAL,E,42556,16.03,0.29,N,22,0.2,0.48,11,11,1
46,56051,RENT,5,EDUCATION,C,25146,21.83,0.45,N,8,0.12,0.49,11,2,0
60,75337,MORTGAGE,24,EDUCATION,A,14350,7.21,0.19,N,37,0.05,0.92,6,1,0
61,104873,OWN,11,HOMEIMPROVEMENT,C,2358,10.47,0.02,N,28,0.25,0.5,10,11,0
32,32392,RENT,4,EDUCATION,C,16641,17.47,0.51,N,7,0.54,0.86,7,3,1
47,97733,RENT,7,VENTURE,A,16424,21.22,0.17,N,17,0.18,0.16,3,5,0
50,112588,MORTGAGE,12,PERSONAL,E,41644,7.55,0.37,Y,22,0.39,0.28,10,6,1
24,94311,RENT,2,PERSONAL,D,48632,13.4,0.52,N,1,0.37,0.24,13,10,1
29,85242,MORTGAGE,2,EDUCATION,B,29948,12.25,0.35,N,4,0.53,0.46,4,8,0
52,31023,MORTGAGE,7,HOMEIMPROVEMENT,E,25933,13.29,0.84,N,28,0.23,0.24,4,9,1
27,69768,RENT,0,HOMEIMPROVEMENT,C,21028,11.02,0.3,Y,8,0.56,0.63,10,1,1
51,96945,OWN,11,MEDICAL,A,32410,20.79,0.33,N,31,0.35,0.77,3,2,0
27,21159,RENT,2,MEDICAL,A,4722,11.16,0.22,N,1,0.47,0.19,2,3,0
27,50608,OWN,1,HOMEIMPROVEMENT,C,48287,10.05,0.95,Y,6,0.52,0.22,3,6,1
37,133831,OWN,12,MEDICAL,B,32923,20.91,0.25,N,5,0.07,0.31,1,8,0
52,112193,OWN,27,HOMEIMPROVEMENT,C,48198,7.82,0.43,N,26,0.32,0.5,3,10,0
38,140767,MORTGAGE,16,MEDICAL,B,8036,8.01,0.06,Y,3,0.54,0.27,13,0,1
38,40325,OWN,13,VENTURE,A,16185,20.26,0.4,N,13,0.41,0.89,4,11,1
49,114389,RENT,28,EDUCATION,C,34785,11.46,0.3,N,4,0.31,0.77,13,3,0
25,23236,RENT,0,HOMEIMPROVEMENT,B,3352,14.52,0.14,Y,5,0.47,0.81,3,2,1
46,69464,MORTGAGE,23,EDUCATION,D,18194,12.24,0.26,N,17,0.54,0.45,2,10,1
43,28524,OWN,11,MEDICAL,C,28328,21.87,0.99,N,24,0.21,0.79,12,10,1
64,45741,RENT,14,VENTURE,B,4599,21.54,0.1,N,30,0.23,0.12,13,3,0
63,106217,OWN,31,PERSONAL,A,13777,10.1,0.13,N,26,0.44,0.52,3,2,0
56,145607,MORTGAGE,4,MEDICAL,C,34356,10.94,0.24,N,1,0.07,0.71,5,7,0
51,74820,MORTGAGE,5,HOMEIMPROVEMENT,C,23696,19.61,0.32,N,17,0.26,0.73,9,0,0
32,35324,OWN,8,HOMEIMPROVEMENT,E,7243,11.16,0.21,N,9,0.31,0.92,14,5,0
38,139988,RENT,9,PERSONAL,D,30312,7.66,0.22,N,2,0.32,0.45,5,4,0
39,146822,OWN,13,VENTURE,B,39049,17.65,0.27,N,16,0.11,0.57,11,8,0
23,36673,OWN,0,EDUCATION,A,28056,14.63,0.77,N,4,0.21,0.89,14,4,1
41,95324,RENT,14,VENTURE,C,38210,10.86,0.4,N,5,0.42,0.12,11,6,0
38,125466,RENT,19,EDUCATION,A,9055,15.26,0.07,N,12,0.08,0.32,12,4,0
36,125824,RENT,11,EDUCATION,C,6409,18.79,0.05,N,13,0.46,0.28,9,10,1
60,48756,OWN,24,PERSONAL,D,11304,11.67,0.23,N,23,0.32,0.46,14,10,0
59,25877,RENT,1,VENTURE,A,16833,10.4,0.65,N,27,0.36,0.74,7,7,1
64,133741,RENT,33,HOMEIMPROVEMENT,C,15497,13.05,0.12,N,4,0.35,0.27,10,1,0
38,146252,OWN,14,MEDICAL,A,24490,10.66,0.17,N,10,0.05,0.74,6,6,0
43,66073,MORTGAGE,10,EDUCATION,D,25343,21.78,0.38,N,18,0.08,0.46,9,3,0
26,27101,OWN,7,EDUCATION,C,5743,20.21,0.21,N,5,0.5,0.49,10,4,0
48,105350,MORTGAGE,28,EDUCATION,D,28528,12.39,0.27,N,21,0.54,0.59,3,2,0
53,53937,MORTGAGE,27,VENTURE,B,28386,18.27,0.53,N,33,0.28,0.64,11,5,0
31,85077,MORTGAGE,0,MEDICAL,C,36183,10.74,0.43,N,5,0.43,0.24,6,5,1
22,69531,OWN,2,PERSONAL,D,32085,9.0,0.46,Y,3,0.05,0.79,7,11,1
62,56877,RENT,10,EDUCATION,A,16313,6.97,0.29,Y,23,0.41,0.51,3,9,1
59,118422,RENT,33,MEDICAL,A,34477,13.87,0.29,N,34,0.51,0.13,2,4,0
56,20255,MORTGAGE,30,HOMEIMPROVEMENT,B,5656,18.87,0.28,N,23,0.48,0.78,3,2,0
61,43438,RENT,30,EDUCATION,E,22307,16.07,0.51,N,41,0.17,0.14,6,2,1
60,71885,RENT,23,HOMEIMPROVEMENT,A,46681,15.84,0.65,N,22,0.25,0.32,10,1,0
48,59019,RENT,11,HOMEIMPROVEMENT,C,5006,8.76,0.08,Y,27,0.46,0.58,13,5,1
62,140641,RENT,8,MEDICAL,B,25426,20.64,0.18,Y,22,0.46,0.24,6,10,1
22,110382,OWN,0,EDUCATION,B,12406,12.7,0.11,N,1,0.09,0.58,2,3,0
35,91765,OWN,10,PERSONAL,A,39311,16.2,0.43,N,12,0.21,0.66,5,2,0
41,122715,MORTGAGE,19,MEDICAL,B,22941,7.83,0.19,N,17,0.21,0.82,6,9,0
31,61832,MORTGAGE,4,PERSONAL,A,31523,8.62,0.51,N,5,0.15,0.3,14,9,0
29,51367,RENT,0,VENTURE,A,11106,11.5,0.22,N,7,0.09,0.54,2,11,0
48,75013,OWN,28,MEDICAL,A,43773,6.78,0.58,N,15,0.1,0.14,5,6,0
64,126379,MORTGAGE,25,HOMEIMPROVEMENT,C,21836,10.83,0.17,Y,33,0.1,0.56,6,3,0
56,29360,MORTGAGE,13,HOMEIMPROVEMENT,B,16993,16.68,0.58,N,34,0.23,0.23,3,4,0
33,108835,RENT,5,HOMEIMPROVEMENT,B,29927,12.52,0.27,N,11,0.32,0.89,1,6,0
38,30627,OWN,13,VENTURE,D,9433,12.17,0.31,N,2,0.43,0.47,7,11,1
25,124797,MORTGAGE,5,HOMEIMPROVEMENT,A,11759,10.24,0.09,Y,6,0.1,0.54,1,7,1
34,37197,MORTGAGE,14,PERSONAL,B,34550,11.03,0.93,Y,4,0.37,0.11,3,3,1
33,103768,OWN,0,MEDICAL,C,35790,8.62,0.34,N,14,0.27,0.6,9,2,0
49,74530,RENT,25,MEDICAL,B,3663,14.95,0.05,Y,26,0.46,0.87,12,11,1
55,118329,MORTGAGE,22,MEDICAL,B,37492,9.61,0.32,N,29,0.09,0.46,4,0,0
59,78053,MORTGAGE,7,MEDICAL,A,6530,12.68,0.08,N,37,0.43,0.33,8,10,0
27,32191,OWN,3,HOMEIMPROVEMENT,D,29947,13.25,0.93,N,4,0.15,0.54,12,7,1
44,134187,RENT,17,PERSONAL,C,39158,13.54,0.29,N,8,0.14,0.27,13,4,0
37,30846,RENT,11,EDUCATION,A,21502,13.5,0.7,N,5,0.37,0.54,3,9,0
41,149502,MORTGAGE,6,HOMEIMPROVEMENT,D,34333,6.59,0.23,N,6,0.12,0.93,9,7,1
58,99768,MORTGAGE,13,MEDICAL,A,15026,21.19,0.15,N,18,0.25,0.83,8,6,1
32,135584,OWN,6,VENTURE,D,22031,21.83,0.16,Y,1,0.19,0.59,6,9,1
59,97661,RENT,25,PERSONAL,A,21998,16.14,0.23,N,18,0.19,0.18,10,0,0
36,58071,MORTGAGE,12,MEDICAL,B,23258,11.22,0.4,N,12,0.32,0.73,4,7,0
33,122012,RENT,3,PERSONAL,E,35477,21.34,0.29,N,13,0.37,0.94,14,0,1
39,39935,OWN,0,PERSONAL,E,24027,9.32,0.6,Y,8,0.13,0.19,8,8,1
58,143765,OWN,17,VENTURE,C,31873,6.23,0.22,N,29,0.55,0.9,11,10,1
34,59339,MORTGAGE,13,HOMEIMPROVEMENT,B,38840,6.25,0.65,N,6,0.21,0.22,2,7,0
25,64078,RENT,0,MEDICAL,A,31445,21.67,0.49,N,5,0.31,0.18,5,6,1
63,88049,RENT,6,HOMEIMPROVEMENT,D,3801,13.37,0.04,Y,6,0.34,0.75,6,9,1
40,145648,MORTGAGE,16,HOMEIMPROVEMENT,A,44075,17.94,0.3,N,14,0.2,0.76,1,10,0
57,66976,OWN,2,HOMEIMPROVEMENT,A,26966,18.97,0.4,N,36,0.43,0.76,10,3,0
58,114805,RENT,3,VENTURE,D,38597,20.84,0.34,Y,36,0.13,0.68,5,4,1
33,107351,OWN,12,HOMEIMPROVEMENT,A,19089,10.9,0.18,Y,2,0.51,0.14,9,8,1
43,21134,MORTGAGE,19,MEDICAL,A,6119,9.97,0.29,N,14,0.2,0.31,8,10,0
57,20486,RENT,18,PERSONAL,E,15500,6.56,0.76,Y,26,0.48,0.11,13,0,1
51,74777,MORTGAGE,2,HOMEIMPROVEMENT,C,8354,15.03,0.11,N,3,0.17,0.41,4,6,0
38,70734,OWN,8,MEDICAL,A,9924,19.02,0.14,N,5,0.45,0.7,10,7,1
41,135357,OWN,12,PERSONAL,E,2283,21.95,0.02,N,5,0.36,0.55,9,3,0
53,51376,OWN,23,EDUCATION,A,5920,6.1,0.12,N,24,0.22,0.89,5,1,0
46,86940,MORTGAGE,25,EDUCATION,E,38869,13.53,0.45,N,10,0.45,0.54,13,10,1
34,148142,OWN,14,PERSONAL,A,43356,17.15,0.29,N,3,0.55,0.14,12,9,1
43,86770,RENT,13,HOMEIMPROVEMENT,D,38973,14.0,0.45,N,21,0.37,0.57,12,0,0
47,107858,MORTGAGE,19,VENTURE,B,6328,14.81,0.06,N,1,0.22,0.83,13,7,0
60,35434,RENT,31,EDUCATION,A,11233,11.92,0.32,N,36,0.27,0.55,2,7,0
48,127210,MORTGAGE,22,MEDICAL,D,28425,12.18,0.22,N,22,0.4,0.62,12,6,0
23,144457,RENT,4,PERSONAL,A,32910,17.59,0.23,Y,3,0.6,0.21,3,3,1
27,101244,RENT,7,PERSONAL,E,46368,9.55,0.46,N,8,0.16,0.53,8,5,0
53,73879,OWN,6,VENTURE,D,9720,20.98,0.13,Y,10,0.06,0.21,2,4,1
46,66501,RENT,5,PERSONAL,C,2269,19.8,0.03,N,22,0.23,0.88,10,5,0
57,120814,RENT,28,VENTURE,A,19033,9.12,0.16,N,2,0.39,0.64,6,1,0
32,115494,MORTGAGE,0,VENTURE,D,49319,21.07,0.43,N,10,0.44,0.48,14,4,1
31,72243,MORTGAGE,8,EDUCATION,E,8297,8.09,0.11,Y,4,0.34,0.9,3,8,1
46,108001,RENT,12,HOMEIMPROVEMENT,A,21156,21.77,0.2,N,18,0.27,0.25,6,1,0
36,142513,OWN,6,HOMEIMPROVEMENT,C,29460,6.22,0.21,N,10,0.43,0.77,8,2,0
61,43259,RENT,15,HOMEIMPROVEMENT,B,14864,12.2,0.34,N,4,0.16,0.34,2,4,0
27,136486,OWN,6,EDUCATION,A,26333,15.54,0.19,N,1,0.23,0.54,2,5,0
52,93100,OWN,19,MEDICAL,D,22219,7.53,0.24,N,30,0.15,0.82,8,6,1
60,122476,RENT,37,VENTURE,A,33001,17.97,0.27,N,33,0.37,0.16,11,3,0
51,88116,RENT,25,PERSONAL,B,29967,15.76,0.34,N,13,0.29,0.37,6,4,0
22,48992,RENT,2,MEDICAL,A,16995,17.59,0.35,N,2,0.21,0.66,14,1,0
61,40358,OWN,3,MEDICAL,A,18209,17.15,0.45,N,11,0.53,0.72,5,8,1
38,106240,MORTGAGE,4,HOMEIMPROVEMENT,A,30754,10.06,0.29,Y,1,0.41,0.16,2,0,1
58,89057,RENT,26,VENTURE,E,2300,20.59,0.03,N,19,0.58,0.48,4,1,1
30,78579,MORTGAGE,5,VENTURE,C,3671,20.15,0.05,N,3,0.51,0.71,4,3,0
28,95863,OWN,3,MEDICAL,B,30685,9.5,0.32,Y,9,0.07,0.2,13,6,1
38,99465,RENT,6,HOMEIMPROVEMENT,C,30991,10.47,0.31,N,1,0.54,0.44,2,10,0
59,88196,RENT,13,VENTURE,C,40624,13.55,0.46,Y,7,0.42,0.93,9,11,1
27,22205,OWN,2,MEDICAL,D,13342,12.72,0.6,N,8,0.34,0.31,12,10,1
33,146541,OWN,4,EDUCATION,A,16797,20.1,0.11,N,7,0.13,0.18,12,6,0
58,136519,OWN,0,VENTURE,E,10628,7.16,0.08,N,31,0.19,0.6,1,8,1
36,141509,RENT,7,MEDICAL,A,44986,13.54,0.32,N,2,0.2,0.91,12,10,0
49,144798,OWN,27,HOMEIMPROVEMENT,A,1527,21.97,0.01,N,12,0.44,0.66,5,6,1
42,41352,OWN,23,VENTURE,B,29312,11.94,0.71,Y,8,0.45,0.2,13,5,1
60,147896,RENT,8,PERSONAL,C,32182,9.29,0.22,N,36,0.39,0.76,9,8,0
51,76959,OWN,31,EDUCATION,A,10907,15.02,0.14,N,13,0.27,0.58,11,5,0
41,35749,MORTGAGE,14,MEDICAL,A,18332,8.12,0.51,N,6,0.38,0.43,12,11,0
28,24922,OWN,8,HOMEIMPROVEMENT,D,20567,9.09,0.83,N,6,0.47,0.33,9,0,1
64,34219,MORTGAGE,17,PERSONAL,A,25276,9.08,0.74,N,40,0.34,0.51,12,4,0
43,21082,OWN,16,VENTURE,D,14123,6.42,0.67,N,9,0.22,0.78,8,4,0
56,140263,OWN,19,PERSONAL,C,1159,14.42,0.01,N,28,0.18,0.36,6,3,0
38,24983,OWN,5,HOMEIMPROVEMENT,A,11118,11.17,0.45,N,18,0.09,0.46,7,2,0
57,140832,MORTGAGE,14,EDUCATION,D,21620,18.05,0.15,N,5,0.5,0.79,1,3,1
25,129832,MORTGAGE,4,EDUCATION,C,31858,6.66,0.25,Y,4,0.43,0.87,6,7,1
38,131195,OWN,9,HOMEIMPROVEMENT,E,37668,6.51,0.29,N,6,0.12,0.49,10,1,0
34,25410,MORTGAGE,15,PERSONAL,A,24276,13.59,0.96,Y,1,0.33,0.1,14,0,1
60,109941,OWN,17,MEDICAL,A,3620,14.98,0.03,N,11,0.21,0.86,11,0,0
46,26553,RENT,21,HOMEIMPROVEMENT,C,15866,19.33,0.6,N,20,0.34,0.43,6,0,0
39,139411,RENT,6,HOMEIMPROVEMENT,A,28559,20.35,0.2,N,18,0.58,0.38,1,5,0
49,140198,RENT,13,VENTURE,A,25310,7.25,0.18,N,5,0.47,0.9,10,10,1
57,108031,MORTGAGE,10,EDUCATION,B,10491,9.45,0.1,N,11,0.47,0.67,12,7,0
37,105090,OWN,17,PERSONAL,C,35919,11.21,0.34,N,5,0.45,0.23,5,0,0
47,139176,OWN,14,HOMEIMPROVEMENT,A,22518,7.77,0.16,Y,28,0.11,0.13,7,0,0
44,132540,OWN,2,EDUCATION,B,11819,12.86,0.09,Y,20,0.16,0.76,13,9,1
25,116320,OWN,4,HOMEIMPROVEMENT,C,23740,19.35,0.2,Y,5,0.59,0.78,13,3,1
37,53159,OWN,2,VENTURE,A,13666,7.18,0.26,N,7,0.41,0.88,9,7,1
48,23321,OWN,4,HOMEIMPROVEMENT,D,5615,19.81,0.24,N,14,0.08,0.32,7,0,0
58,112529,RENT,24,EDUCATION,B,47489,9.88,0.42,N,14,0.21,0.27,2,9,0
61,64420,RENT,14,VENTURE,E,7961,6.36,0.12,N,39,0.46,0.69,8,4,0
28,146311,OWN,3,HOMEIMPROVEMENT,A,8006,16.79,0.05,N,1,0.24,0.88,8,5,0
32,36524,MORTGAGE,13,EDUCATION,A,29202,18.89,0.8,N,13,0.22,0.32,8,4,0
36,140910,RENT,4,EDUCATION,D,33322,12.39,0.24,N,10,0.05,0.92,9,7,1
64,29927,RENT,23,EDUCATION,B,20029,13.51,0.67,N,18,0.37,0.9,9,9,1
63,22443,OWN,25,PERSONAL,A,11380,8.23,0.51,N,18,0.39,0.12,12,10,0
28,85382,RENT,8,VENTURE,C,9783,16.59,0.11,N,2,0.08,0.11,1,10,0
25,131628,RENT,6,EDUCATION,B,25045,9.53,0.19,N,2,0.31,0.68,11,2,0
27,50632,RENT,5,MEDICAL,A,10280,11.56,0.2,N,6,0.16,0.57,2,2,0
30,86273,RENT,11,EDUCATION,D,13470,18.4,0.16,N,6,0.25,0.82,12,7,1
44,68075,RENT,10,VENTURE,C,3934,19.91,0.06,N,25,0.19,0.13,6,1,0
54,146394,OWN,5,EDUCATION,E,4812,20.94,0.03,Y,22,0.17,0.41,4,10,1
38,104120,MORTGAGE,10,EDUCATION,B,35451,9.85,0.34,Y,18,0.27,0.5,5,6,1
29,69711,OWN,1,EDUCATION,B,29639,18.42,0.43,N,4,0.56,0.71,10,7,1
62,147394,OWN,30,HOMEIMPROVEMENT,E,19740,7.82,0.13,N,5,0.58,0.53,10,3,0
25,126300,MORTGAGE,1,VENTURE,A,15201,7.74,0.12,N,6,0.26,0.76,10,2,0
46,25206,MORTGAGE,17,PERSONAL,D,20517,11.4,0.81,N,10,0.18,0.77,3,11,1
31,112864,MORTGAGE,9,PERSONAL,B,18706,20.85,0.17,N,10,0.05,0.94,9,9,1
41,100522,OWN,6,VENTURE,B,15440,6.46,0.15,N,13,0.19,0.81,4,2,0
25,113937,RENT,1,EDUCATION,A,11249,10.59,0.1,N,6,0.33,0.33,2,6,0
59,138874,MORTGAGE,9,PERSONAL,A,29178,7.78,0.21,N,3,0.19,0.44,14,9,0
22,104303,OWN,2,EDUCATION,A,39644,20.63,0.38,N,3,0.45,0.59,8,11,1
27,56723,OWN,5,PERSONAL,A,28981,13.92,0.51,N,5,0.37,0.54,10,2,0
48,77389,OWN,11,PERSONAL,A,30743,10.59,0.4,N,1,0.26,0.86,2,0,0
47,122005,OWN,28,HOMEIMPROVEMENT,B,24782,13.62,0.2,N,1,0.35,0.29,13,4,0
23,130040,OWN,2,HOMEIMPROVEMENT,B,48456,20.6,0.37,N,2,0.1,0.67,14,0,0
29,32380,MORTGAGE,5,HOMEIMPROVEMENT,C,18818,10.61,0.58,N,10,0.28,0.44,10,5,0
63,45168,OWN,35,VENTURE,D,6644,16.88,0.15,Y,33,0.44,0.89,4,2,1
45,43238,OWN,7,EDUCATION,A,9431,13.57,0.22,N,4,0.45,0.29,11,10,0
39,40022,OWN,13,MEDICAL,A,5780,8.91,0.14,N,19,0.14,0.12,3,5,0
56,28536,OWN,23,MEDICAL,A,24979,9.84,0.88,N,13,0.4,0.32,12,10,0
38,29840,MORTGAGE,0,PERSONAL,C,10461,20.19,0.35,N,2,0.23,0.87,11,5,1
26,116228,MORTGAGE,4,PERSONAL,C,35296,14.35,0.3,Y,1,0.42,0.93,7,8,1
22,123657,OWN,3,HOMEIMPROVEMENT,A,28032,11.57,0.23,N,3,0.47,0.45,6,0,0
41,34179,MORTGAGE,7,MEDICAL,B,11222,17.91,0.33,Y,6,0.29,0.21,10,1,0
28,142755,OWN,3,EDUCATION,D,34760,18.85,0.24,Y,8,0.25,0.42,9,4,1
49,83869,OWN,26,EDUCATION,E,13961,21.91,0.17,N,21,0.13,0.12,3,11,1
42,37883,MORTGAGE,19,VENTURE,A,19542,15.87,0.52,N,22,0.18,0.29,8,9,1
33,75916,MORTGAGE,0,MEDICAL,A,3291,10.72,0.04,N,4,0.5,0.69,10,6,1
24,125232,MORTGAGE,0,MEDICAL,D,5621,19.52,0.04,Y,4,0.11,0.62,11,11,1
47,69420,OWN,16,HOMEIMPROVEMENT,D,3462,10.85,0.05,N,3,0.06,0.68,10,0,0
41,36211,RENT,18,EDUCATION,A,6842,16.31,0.19,N,10,0.11,0.52,7,11,0
42,51127,RENT,16,VENTURE,B,42300,20.15,0.83,N,11,0.44,0.68,5,11,1
63,127447,MORTGAGE,16,PERSONAL,D,38895,16.38,0.31,N,27,0.19,0.62,2,4,0
55,76625,RENT,21,VENTURE,B,6710,16.87,0.09,N,19,0.33,0.83,13,9,1
44,76492,OWN,18,EDUCATION,C,48684,17.8,0.64,N,1,0.29,0.14,8,8,1
24,119864,RENT,2,PERSONAL,A,18548,20.5,0.15,N,3,0.5,0.34,13,5,0
64,103194,OWN,19,EDUCATION,A,21337,21.79,0.21,N,9,0.34,0.9,13,0,0
51,129945,RENT,8,PERSONAL,A,21530,17.78,0.17,N,8,0.51,0.87,1,4,1
56,108177,OWN,6,VENTURE,B,27636,11.49,0.26,N,23,0.28,0.16,10,0,0
57,88591,OWN,13,HOMEIMPROVEMENT,D,13186,13.63,0.15,N,31,0.22,0.9,3,11,1
32,43952,OWN,6,MEDICAL,B,34160,18.62,0.78,N,13,0.54,0.65,6,10,1
39,112087,MORTGAGE,0,VENTURE,A,24267,6.72,0.22,N,20,0.45,0.46,13,3,0
40,30725,MORTGAGE,21,VENTURE,D,29696,21.34,0.97,N,21,0.37,0.34,13,2,1
32,26450,MORTGAGE,4,EDUCATION,B,18467,6.56,0.7,N,11,0.45,0.81,1,11,1
25,55507,RENT,4,HOMEIMPROVEMENT,A,34108,13.35,0.61,N,5,0.09,0.68,2,8,0
48,80582,MORTGAGE,11,PERSONAL,C,23787,15.57,0.3,N,6,0.21,0.17,3,0,0
56,112303,MORTGAGE,17,MEDICAL,C,24116,8.41,0.21,Y,27,0.57,0.4,14,4,1
45,72921,MORTGAGE,21,MEDICAL,A,32289,6.49,0.44,N,20,0.07,0.36,11,11,0
48,105112,OWN,10,PERSONAL,B,7116,14.54,0.07,N,17,0.51,0.78,12,5,0
43,88289,MORTGAGE,5,MEDICAL,A,35140,21.05,0.4,N,17,0.1,0.24,10,9,0
50,45570,OWN,15,EDUCATION,D,22182,7.88,0.49,N,28,0.47,0.87,8,0,1
43,74362,RENT,13,MEDICAL,B,20073,20.4,0.27,N,20,0.11,0.65,13,7,0
36,103529,MORTGAGE,10,EDUCATION,A,49926,6.18,0.48,N,14,0.51,0.68,5,0,0
33,115949,OWN,6,MEDICAL,B,43299,10.47,0.37,Y,10,0.09,0.91,11,5,1
46,148652,RENT,16,HOMEIMPROVEMENT,D,14136,11.73,0.1,Y,13,0.51,0.29,8,5,1
40,128541,MORTGAGE,8,VENTURE,D,26964,13.13,0.21,N,12,0.55,0.95,5,3,1
46,141292,RENT,6,PERSONAL,C,37686,21.26,0.27,N,26,0.45,0.69,7,10,1
45,53591,MORTGAGE,0,HOMEIMPROVEMENT,D,38797,12.98,0.72,Y,26,0.06,0.92,13,4,1
35,83411,OWN,1,HOMEIMPROVEMENT,E,42209,15.77,0.51,Y,7,0.42,0.89,3,3,1
55,128943,OWN,14,VENTURE,A,44626,21.12,0.35,Y,27,0.49,0.48,6,2,1
62,75479,RENT,22,EDUCATION,D,3176,13.36,0.04,N,31,0.5,0.82,3,4,1
39,120793,RENT,0,VENTURE,A,42975,16.54,0.36,N,4,0.39,0.9,2,0,1
28,57418,MORTGAGE,3,HOMEIMPROVEMENT,B,38755,10.56,0.67,N,7,0.49,0.59,14,9,1
38,50653,RENT,16,VENTURE,C,15799,18.12,0.31,Y,13,0.21,0.59,11,5,0
42,108478,OWN,10,VENTURE,D,34161,20.11,0.31,Y,12,0.09,0.63,4,4,1
23,29095,OWN,1,VENTURE,A,9531,13.59,0.33,Y,3,0.08,0.16,7,2,0
23,53766,MORTGAGE,3,EDUCATION,A,17668,17.35,0.33,N,1,0.27,0.7,2,1,0
30,27699,MORTGAGE,5,HOMEIMPROVEMENT,E,8687,18.53,0.31,N,3,0.52,0.87,2,6,1
59,123067,OWN,16,MEDICAL,B,10221,16.86,0.08,N,38,0.21,0.63,5,2,0
37,124959,RENT,11,MEDICAL,D,46823,12.48,0.37,Y,16,0.25,0.41,12,8,1
41,122657,OWN,9,VENTURE,A,16510,7.86,0.13,N,14,0.06,0.67,2,8,0
63,56289,OWN,9,MEDICAL,B,34340,12.23,0.61,N,20,0.36,0.84,11,1,0
64,72227,RENT,28,VENTURE,D,28542,14.01,0.4,N,42,0.51,0.51,9,4,0
49,60100,MORTGAGE,16,VENTURE,B,49825,12.41,0.83,Y,10,0.24,0.56,4,9,1
43,98187,OWN,6,EDUCATION,B,29535,14.63,0.3,N,22,0.23,0.63,13,9,0
57,31640,OWN,5,HOMEIMPROVEMENT,B,29825,9.6,0.94,N,32,0.31,0.69,5,11,0
40,99472,RENT,4,VENTURE,B,30550,16.45,0.31,N,5,0.23,0.57,7,5,0
39,149006,MORTGAGE,5,PERSONAL,A,49506,16.73,0.33,N,11,0.58,0.88,9,1,1
63,115603,MORTGAGE,14,HOMEIMPROVEMENT,C,20491,20.07,0.18,N,22,0.51,0.85,1,9,1
34,38595,MORTGAGE,3,VENTURE,A,10735,11.25,0.28,N,5,0.53,0.64,6,11,0
28,42440,MORTGAGE,5,VENTURE,B,16275,17.85,0.38,N,9,0.25,0.33,11,1,0
44,72331,RENT,0,EDUCATION,E,44923,15.26,0.62,N,12,0.28,0.82,4,2,1
53,26089,OWN,11,VENTURE,A,8797,15.89,0.34,N,9,0.53,0.11,13,0,0
54,65096,MORTGAGE,17,HOMEIMPROVEMENT,C,6433,15.82,0.1,N,23,0.39,0.4,5,11,0
21,36997,OWN,2,EDUCATION,B,1868,6.99,0.05,N,1,0.34,0.16,1,0,0
36,148807,MORTGAGE,9,EDUCATION,A,38146,21.12,0.26,N,3,0.38,0.49,5,10,0
28,104860,MORTGAGE,2,MEDICAL,D,47118,18.11,0.45,N,4,0.54,0.85,3,4,1
30,142989,OWN,8,PERSONAL,D,41115,12.05,0.29,N,10,0.37,0.2,2,8,0
61,37077,OWN,26,HOMEIMPROVEMENT,A,12432,18.23,0.34,Y,1,0.28,0.51,9,9,1
44,85510,RENT,0,PERSONAL,E,26832,12.64,0.31,N,2,0.22,0.69,10,2,0
42,104124,RENT,8,HOMEIMPROVEMENT,E,35364,12.03,0.34,N,8,0.12,0.25,1,9,0
42,124975,RENT,15,HOMEIMPROVEMENT,D,21923,21.91,0.18,N,8,0.14,0.91,5,9,1
40,55361,MORTGAGE,11,HOMEIMPROVEMENT,A,48968,15.37,0.88,Y,5,0.12,0.83,8,6,1
45,74061,RENT,3,VENTURE,B,36840,9.45,0.5,N,16,0.5,0.67,9,9,1
62,116421,RENT,12,MEDICAL,C,14527,8.09,0.12,N,43,0.09,0.34,3,5,0
41,54227,MORTGAGE,22,EDUCATION,C,48664,11.3,0.9,Y,8,0.54,0.86,14,6,1
35,111043,OWN,5,VENTURE,A,13194,10.4,0.12,N,3,0.38,0.38,9,5,0
42,88232,RENT,16,VENTURE,B,17101,12.75,0.19,N,13,0.31,0.11,3,3,0
41,30510,OWN,13,PERSONAL,A,11537,16.87,0.38,N,15,0.25,0.34,7,8,0
54,82516,OWN,34,PERSONAL,E,44861,18.48,0.54,N,17,0.53,0.51,14,6,1
55,25629,OWN,33,VENTURE,D,21584,15.49,0.84,N,29,0.38,0.48,12,9,1
44,129750,MORTGAGE,24,EDUCATION,E,42616,7.43,0.33,N,4,0.3,0.32,5,2,0
53,89504,RENT,14,PERSONAL,E,49400,10.7,0.55,N,8,0.56,0.13,14,7,1
28,118618,RENT,9,PERSONAL,B,2134,20.53,0.02,N,7,0.05,0.76,13,6,0
51,85552,MORTGAGE,22,EDUCATION,D,40244,16.98,0.47,N,16,0.52,0.44,4,2,1
62,121505,RENT,16,MEDICAL,B,1669,6.4,0.01,N,7,0.26,0.36,2,0,0
43,70529,RENT,10,HOMEIMPROVEMENT,D,27401,17.45,0.39,N,2,0.43,0.81,6,9,1
22,32420,OWN,0,PERSONAL,D,22395,17.84,0.69,N,1,0.6,0.41,9,6,1
48,90793,OWN,5,HOMEIMPROVEMENT,B,47136,19.74,0.52,N,7,0.16,0.47,9,7,1
45,49974,MORTGAGE,11,PERSONAL,D,34210,18.85,0.68,N,15,0.2,0.22,4,9,1
55,46990,MORTGAGE,1,VENTURE,C,31109,16.27,0.66,N,22,0.58,0.31,10,8,1
39,142477,OWN,18,PERSONAL,A,20330,18.06,0.14,N,9,0.51,0.93,14,8,1
58,36283,MORTGAGE,25,VENTURE,A,8597,6.25,0.24,Y,3,0.38,0.52,5,8,1
43,129743,RENT,2,MEDICAL,A,23441,18.76,0.18,N,8,0.06,0.19,12,10,0
62,142041,RENT,15,HOMEIMPROVEMENT,A,23656,17.87,0.17,N,3,0.6,0.18,10,1,0
33,43171,RENT,9,MEDICAL,C,21829,8.9,0.51,N,12,0.15,0.55,7,7,0
28,42706,RENT,3,PERSONAL,A,33479,18.53,0.78,N,7,0.12,0.7,8,7,1
47,22925,MORTGAGE,19,VENTURE,A,18504,12.66,0.81,N,17,0.22,0.33,2,3,0
59,31087,OWN,32,EDUCATION,D,24408,7.64,0.79,Y,9,0.09,0.8,7,5,1
42,59491,RENT,9,MEDICAL,A,31273,7.82,0.53,N,6,0.24,0.75,10,0,0
43,70460,OWN,1,VENTURE,C,15877,17.46,0.23,N,16,0.27,0.38,8,11,1
47,62470,OWN,7,HOMEIMPROVEMENT,C,36450,9.26,0.58,N,4,0.51,0.79,10,8,1
48,61034,OWN,6,HOMEIMPROVEMENT,A,33536,17.89,0.55,N,11,0.6,0.67,5,11,1
33,92590,MORTGAGE,10,EDUCATION,A,41387,21.02,0.45,N,14,0.26,0.92,6,0,1
32,137154,MORTGAGE,10,EDUCATION,A,35624,7.35,0.26,Y,10,0.55,0.79,9,6,1
56,55739,MORTGAGE,13,HOMEIMPROVEMENT,C,6539,17.08,0.12,N,9,0.36,0.36,10,7,0
58,68372,OWN,26,EDUCATION,B,33357,8.84,0.49,N,12,0.49,0.44,12,5,0
27,116895,MORTGAGE,6,MEDICAL,E,38094,20.73,0.33,Y,8,0.3,0.91,2,6,1
37,40881,MORTGAGE,10,HOMEIMPROVEMENT,E,22614,12.1,0.55,Y,7,0.22,0.5,2,1,1
24,73772,OWN,4,PERSONAL,C,11878,15.6,0.16,N,1,0.4,0.74,6,3,0
60,51147,MORTGAGE,14,HOMEIMPROVEMENT,B,25515,18.35,0.5,N,16,0.47,0.52,13,0,1
33,116171,OWN,2,MEDICAL,A,16577,15.69,0.14,N,7,0.5,0.57,5,5,0
56,110874,MORTGAGE,34,EDUCATION,C,22427,18.13,0.2,Y,7,0.09,0.8,3,10,1
51,21883,OWN,6,PERSONAL,B,17861,9.91,0.82,N,30,0.53,0.37,4,6,1
37,66659,MORTGAGE,13,EDUCATION,A,47350,12.84,0.71,N,10,0.33,0.79,2,3,0
59,28417,RENT,38,MEDICAL,E,18426,8.4,0.65,N,24,0.23,0.39,1,10,1
34,105772,RENT,3,VENTURE,E,15937,9.47,0.15,N,9,0.15,0.89,6,1,0
52,53257,MORTGAGE,2,MEDICAL,A,19066,13.8,0.36,N,29,0.58,0.78,1,11,0
27,124428,MORTGAGE,3,HOMEIMPROVEMENT,A,35172,13.07,0.28,N,3,0.32,0.69,4,2,0
28,25397,OWN,5,EDUCATION,B,18945,7.24,0.75,N,5,0.58,0.13,6,7,1
24,70629,MORTGAGE,4,MEDICAL,C,8551,9.77,0.12,N,5,0.21,0.42,14,10,0
26,108606,OWN,5,PERSONAL,C,12284,9.3,0.11,N,7,0.51,0.78,13,8,0
64,80646,OWN,15,VENTURE,E,1074,16.44,0.01,Y,42,0.11,0.11,2,9,1
29,113295,RENT,10,EDUCATION,D,41611,15.44,0.37,N,8,0.49,0.41,6,9,1
24,50399,RENT,2,EDUCATION,C,44098,18.79,0.87,N,4,0.12,0.76,7,7,1
31,61003,OWN,5,MEDICAL,C,9680,13.94,0.16,Y,6,0.33,0.6,12,5,0
26,49696,MORTGAGE,5,VENTURE,A,25956,19.7,0.52,N,1,0.39,0.51,1,0,0
52,63539,MORTGAGE,33,MEDICAL,C,23449,13.14,0.37,N,12,0.12,0.89,11,5,0
36,96508,RENT,8,HOMEIMPROVEMENT,B,35592,20.93,0.37,N,13,0.37,0.65,10,5,0
29,48106,OWN,6,VENTURE,D,16729,20.59,0.35,N,2,0.42,0.15,3,9,1
25,125816,MORTGAGE,1,MEDICAL,B,34087,6.24,0.27,Y,1,0.46,0.69,8,4,1
34,96524,MORTGAGE,8,PERSONAL,B,41446,14.02,0.43,N,10,0.05,0.15,9,9,0
60,54341,OWN,10,EDUCATION,B,3768,20.94,0.07,N,8,0.15,0.92,9,9,1
60,109812,RENT,15,HOMEIMPROVEMENT,B,25300,10.34,0.23,Y,24,0.25,0.34,12,8,1
35,75731,OWN,14,MEDICAL,A,37850,8.41,0.5,N,12,0.45,0.56,13,0,0
36,107902,MORTGAGE,13,PERSONAL,C,6798,15.68,0.06,Y,17,0.36,0.26,5,6,1
39,76697,OWN,14,HOMEIMPROVEMENT,A,17651,17.63,0.23,Y,2,0.1,0.86,1,9,1
28,30225,RENT,4,PERSONAL,E,25704,17.69,0.85,N,6,0.53,0.25,2,0,1
62,62278,MORTGAGE,18,EDUCATION,A,16634,18.48,0.27,N,22,0.18,0.19,14,11,0
31,134981,RENT,1,HOMEIMPROVEMENT,A,26898,8.01,0.2,N,3,0.41,0.4,7,3,0
35,77558,OWN,12,VENTURE,E,42556,15.64,0.55,N,16,0.19,0.83,14,10,1
59,67761,RENT,1,VENTURE,B,46641,14.36,0.69,N,17,0.18,0.68,3,11,1
30,29597,RENT,3,HOMEIMPROVEMENT,A,22984,20.99,0.78,N,5,0.25,0.19,7,0,0
62,50552,MORTGAGE,32,EDUCATION,C,11336,11.11,0.22,N,16,0.25,0.11,6,11,0
54,31330,MORTGAGE,8,EDUCATION,D,15980,15.4,0.51,N,12,0.42,0.25,1,2,1
60,93523,OWN,15,PERSONAL,C,29940,21.51,0.32,N,30,0.07,0.44,3,11,0
56,92805,MORTGAGE,10,VENTURE,E,29064,15.0,0.31,N,23,0.26,0.53,9,2,0
44,126308,RENT,19,HOMEIMPROVEMENT,A,41545,16.14,0.33,N,11,0.5,0.78,9,11,1
35,58596,RENT,2,MEDICAL,B,45324,16.68,0.77,N,3,0.55,0.78,12,11,1
40,83281,MORTGAGE,19,MEDICAL,A,33920,14.67,0.41,N,15,0.51,0.79,7,11,1
41,25454,MORTGAGE,16,VENTURE,C,5117,13.64,0.2,N,13,0.49,0.23,1,0,0
21,125008,RENT,0,PERSONAL,A,24817,7.0,0.2,N,2,0.3,0.74,12,5,0
32,55162,MORTGAGE,4,VENTURE,A,21388,8.2,0.39,N,1,0.16,0.57,8,11,0
37,108095,MORTGAGE,10,MEDICAL,C,41033,18.69,0.38,N,5,0.39,0.18,10,1,0
37,64413,MORTGAGE,11,VENTURE,D,29087,12.92,0.45,Y,15,0.28,0.64,6,2,1
41,49055,MORTGAGE,11,HOMEIMPROVEMENT,C,17376,8.93,0.35,N,1,0.13,0.29,10,8,0
54,89939,RENT,26,MEDICAL,D,37745,15.18,0.42,N,20,0.32,0.9,7,8,1
40,29399,MORTGAGE,13,PERSONAL,C,1544,17.94,0.05,N,4,0.37,0.71,11,3,0
57,134015,MORTGAGE,2,PERSONAL,D,15025,12.45,0.11,N,29,0.28,0.27,7,11,0
55,85408,RENT,28,HOMEIMPROVEMENT,D,6695,11.45,0.08,N,23,0.39,0.18,5,4,0
35,135589,OWN,0,HOMEIMPROVEMENT,A,9630,7.81,0.07,N,13,0.37,0.41,8,6,0
40,22246,MORTGAGE,10,PERSONAL,B,3822,12.99,0.17,N,20,0.36,0.91,6,8,0
36,50030,MORTGAGE,17,HOMEIMPROVEMENT,D,30870,10.35,0.62,Y,11,0.08,0.78,3,4,1
31,24551,RENT,7,EDUCATION,A,23112,14.81,0.94,Y,6,0.11,0.87,5,7,1
41,32328,MORTGAGE,7,MEDICAL,B,7677,14.03,0.24,Y,5,0.33,0.68,9,11,1
64,117462,MORTGAGE,16,HOMEIMPROVEMENT,A,38356,16.75,0.33,Y,13,0.29,0.64,7,5,0
59,54775,MORTGAGE,32,MEDICAL,B,49570,18.53,0.9,N,28,0.11,0.81,10,10,1
48,107231,RENT,12,VENTURE,C,18771,7.44,0.18,N,7,0.47,0.92,3,3,0
37,42606,RENT,8,VENTURE,A,11150,12.8,0.26,N,12,0.48,0.72,6,9,0
24,144109,OWN,1,VENTURE,A,32177,20.02,0.22,N,2,0.19,0.16,5,7,1
52,30119,RENT,23,VENTURE,C,3121,7.6,0.1,N,10,0.27,0.11,11,8,0
46,50279,OWN,4,VENTURE,C,5486,16.62,0.11,N,23,0.09,0.79,4,3,0
49,103397,RENT,26,PERSONAL,C,43687,19.49,0.42,N,16,0.18,0.49,5,3,0
28,109494,RENT,9,PERSONAL,D,24932,16.95,0.23,N,2,0.53,0.15,3,7,1
30,112604,OWN,6,VENTURE,C,21388,18.67,0.19,N,3,0.37,0.59,6,9,0
63,36571,MORTGAGE,6,EDUCATION,A,26104,14.45,0.71,N,22,0.26,0.19,7,5,0
48,105366,MORTGAGE,10,VENTURE,A,4098,21.72,0.04,Y,17,0.44,0.35,10,8,1
52,145433,RENT,28,EDUCATION,B,10940,15.05,0.08,N,23,0.56,0.41,6,4,0
37,46299,RENT,13,VENTURE,C,31063,16.89,0.67,N,4,0.25,0.94,5,10,1
42,120916,OWN,20,PERSONAL,E,45097,14.86,0.37,Y,11,0.52,0.32,9,8,1
29,117780,OWN,8,MEDICAL,A,3409,10.33,0.03,N,6,0.16,0.28,11,10,0
60,147714,MORTGAGE,30,HOMEIMPROVEMENT,A,37025,21.06,0.25,N,22,0.08,0.7,9,5,0
54,52286,RENT,11,VENTURE,A,41178,11.96,0.79,N,3,0.38,0.65,10,8,0
35,66271,RENT,4,MEDICAL,B,11267,6.32,0.17,Y,9,0.51,0.18,14,11,1
63,109360,MORTGAGE,15,MEDICAL,A,42401,6.74,0.39,Y,4,0.33,0.37,6,0,0
49,75099,MORTGAGE,30,MEDICAL,B,13677,6.01,0.18,N,11,0.39,0.65,3,2,0
38,111787,RENT,18,HOMEIMPROVEMENT,A,17943,14.3,0.16,Y,17,0.28,0.39,8,5,0
55,141682,RENT,5,HOMEIMPROVEMENT,A,15690,12.28,0.11,N,13,0.2,0.86,3,10,0
29,38257,RENT,7,MEDICAL,A,20642,13.27,0.54,N,10,0.19,0.7,10,7,0
55,100399,OWN,27,HOMEIMPROVEMENT,B,38486,16.99,0.38,Y,31,0.22,0.58,7,1,0
59,146177,OWN,5,PERSONAL,C,40205,15.75,0.28,Y,40,0.08,0.68,1,1,0
54,135464,MORTGAGE,21,HOMEIMPROVEMENT,B,6208,15.19,0.05,N,12,0.48,0.83,7,6,1
24,30807,MORTGAGE,4,PERSONAL,A,28066,19.49,0.91,N,3,0.08,0.95,4,0,1
24,49480,MORTGAGE,4,HOMEIMPROVEMENT,B,25846,20.92,0.52,N,2,0.45,0.64,7,9,1
34,41400,MORTGAGE,14,EDUCATION,D,7533,17.51,0.18,N,13,0.42,0.35,2,8,1
48,82912,MORTGAGE,16,HOMEIMPROVEMENT,A,38164,15.33,0.46,N,17,0.35,0.9,10,3,1
50,138580,MORTGAGE,23,MEDICAL,A,26654,7.51,0.19,Y,11,0.59,0.41,10,6,1
45,113826,MORTGAGE,4,VENTURE,A,18509,16.44,0.16,N,8,0.11,0.64,14,7,0
22,96533,RENT,1,PERSONAL,E,10104,17.27,0.1,N,1,0.47,0.44,14,1,1
34,134679,RENT,15,MEDICAL,B,18101,20.93,0.13,Y,5,0.14,0.7,6,2,0
50,105814,OWN,6,EDUCATION,B,43231,14.35,0.41,N,10,0.51,0.68,12,11,1
51,74816,OWN,17,VENTURE,E,46948,16.72,0.63,N,16,0.47,0.85,9,6,1
42,123537,OWN,17,HOMEIMPROVEMENT,B,39523,7.1,0.32,Y,23,0.07,0.72,12,9,1
27,148843,MORTGAGE,1,PERSONAL,C,19953,17.83,0.13,N,3,0.3,0.56,6,3,0
47,145479,MORTGAGE,23,VENTURE,A,25852,17.68,0.18,N,21,0.37,0.67,14,10,0
55,138343,RENT,2,PERSONAL,B,42869,18.93,0.31,N,32,0.09,0.91,11,5,0
37,58458,MORTGAGE,11,HOMEIMPROVEMENT,B,44369,20.34,0.76,Y,10,0.22,0.33,13,4,1
39,103369,MORTGAGE,2,HOMEIMPROVEMENT,A,6017,19.96,0.06,N,5,0.31,0.47,5,3,0
30,56713,MORTGAGE,3,EDUCATION,E,44169,13.11,0.78,N,11,0.3,0.35,6,8,1
32,32763,RENT,13,HOMEIMPROVEMENT,E,10177,9.91,0.31,N,12,0.5,0.19,5,2,0
61,101938,RENT,21,PERSONAL,C,27049,9.29,0.27,N,39,0.57,0.65,6,6,0
51,52314,MORTGAGE,11,HOMEIMPROVEMENT,E,48006,19.07,0.92,Y,31,0.38,0.61,5,8,1
50,137433,OWN,21,HOMEIMPROVEMENT,B,8108,20.41,0.06,N,6,0.12,0.92,1,7,1
32,78466,OWN,13,MEDICAL,C,10493,20.38,0.13,Y,7,0.13,0.89,5,8,1
48,122449,OWN,19,MEDICAL,C,32848,7.43,0.27,N,27,0.07,0.1,9,8,0
39,72057,OWN,19,EDUCATION,A,15873,12.78,0.22,Y,14,0.58,0.48,5,2,1
24,46571,RENT,1,MEDICAL,C,45674,17.6,0.98,N,5,0.21,0.65,3,4,1
33,133903,RENT,13,PERSONAL,A,14794,21.24,0.11,Y,11,0.53,0.79,4,11,1
49,98766,RENT,30,HOMEIMPROVEMENT,A,18754,20.89,0.19,N,5,0.26,0.53,8,11,0
47,29879,MORTGAGE,7,HOMEIMPROVEMENT,B,14980,21.38,0.5,N,22,0.23,0.35,4,3,0
36,86118,RENT,13,VENTURE,A,16531,16.47,0.19,Y,12,0.1,0.75,7,2,0
24,93124,OWN,0,PERSONAL,E,43723,17.83,0.47,N,5,0.32,0.9,4,11,1
23,24353,MORTGAGE,0,MEDICAL,C,22759,17.07,0.93,N,2,0.18,0.82,6,6,1
49,87952,RENT,29,VENTURE,A,7490,17.59,0.09,N,4,0.35,0.69,7,10,0
38,30828,RENT,4,HOMEIMPROVEMENT,E,12221,17.12,0.4,N,5,0.27,0.82,12,6,1
36,118385,RENT,6,VENTURE,C,17078,7.84,0.14,Y,13,0.57,0.22,9,9,1
51,149979,RENT,20,PERSONAL,B,33269,10.92,0.22,Y,8,0.27,0.71,12,2,0
48,96708,OWN,6,EDUCATION,B,4267,6.72,0.04,N,1,0.24,0.23,13,9,0
32,38268,MORTGAGE,7,PERSONAL,C,6399,16.58,0.17,N,8,0.1,0.46,4,5,0
56,32588,MORTGAGE,22,HOMEIMPROVEMENT,C,4374,9.75,0.13,N,10,0.09,0.24,10,9,0
64,115673,OWN,35,MEDICAL,C,48556,8.8,0.42,N,31,0.47,0.24,10,8,1
45,83308,OWN,15,HOMEIMPROVEMENT,B,23113,11.69,0.28,N,5,0.14,0.69,7,5,0
43,55765,MORTGAGE,14,VENTURE,B,31886,11.99,0.57,N,1,0.48,0.74,10,0,0
39,44618,RENT,19,EDUCATION,B,37258,6.18,0.84,N,1,0.58,0.47,4,7,1
39,128828,OWN,0,HOMEIMPROVEMENT,A,14411,8.04,0.11,Y,4,0.3,0.74,1,5,0
44,41191,OWN,2,HOMEIMPROVEMENT,A,18921,18.4,0.46,N,22,0.54,0.55,11,4,1
58,122398,RENT,0,HOMEIMPROVEMENT,C,23538,11.54,0.19,N,22,0.28,0.22,6,11,0
51,63988,OWN,14,PERSONAL,E,28213,14.14,0.44,Y,30,0.3,0.37,5,3,1
29,73051,OWN,4,HOMEIMPROVEMENT,B,18400,20.68,0.25,N,7,0.07,0.26,8,0,0
46,30395,MORTGAGE,17,MEDICAL,D,6588,14.24,0.22,N,17,0.58,0.23,6,5,0
21,97857,RENT,2,VENTURE,B,33407,6.54,0.34,Y,2,0.25,0.14,7,1,0
55,92216,MORTGAGE,14,EDUCATION,A,29757,12.77,0.32,Y,15,0.22,0.55,13,4,0
26,71663,OWN,4,HOMEIMPROVEMENT,C,27370,15.45,0.38,N,3,0.17,0.7,3,3,0
21,92613,RENT,2,PERSONAL,B,2971,19.02,0.03,N,1,0.14,0.86,7,6,1
60,138645,MORTGAGE,15,VENTURE,A,34407,10.39,0.25,Y,3,0.19,0.54,14,6,1
54,93297,RENT,12,EDUCATION,C,34768,11.08,0.37,N,11,0.26,0.35,7,8,0
51,23373,OWN,1,HOMEIMPROVEMENT,C,3082,11.38,0.13,N,26,0.23,0.82,10,1,0
22,80593,MORTGAGE,3,EDUCATION,D,34625,13.21,0.43,N,2,0.49,0.33,6,8,1
45,127585,OWN,8,EDUCATION,C,29251,16.62,0.23,Y,6,0.28,0.76,1,6,1
61,112789,MORTGAGE,4,MEDICAL,A,33854,19.41,0.3,N,23,0.3,0.45,6,8,0
43,125654,OWN,15,MEDICAL,B,7238,12.4,0.06,N,16,0.4,0.25,8,8,0
51,47915,MORTGAGE,20,VENTURE,B,39749,12.07,0.83,N,12,0.06,0.47,4,7,0
41,33654,OWN,11,MEDICAL,E,8899,11.52,0.26,N,6,0.35,0.18,2,5,0
50,70621,OWN,12,VENTURE,C,12197,20.12,0.17,N,16,0.48,0.31,11,7,1
45,138243,MORTGAGE,1,EDUCATION,C,34682,15.82,0.25,N,10,0.41,0.62,6,6,1
42,25109,MORTGAGE,20,VENTURE,A,17500,15.44,0.7,Y,8,0.22,0.49,8,4,1
29,62624,OWN,9,EDUCATION,B,38344,10.3,0.61,N,8,0.19,0.36,13,5,0
54,57117,OWN,22,MEDICAL,B,47260,7.58,0.83,N,4,0.11,0.73,1,7,0
42,112201,OWN,9,EDUCATION,A,44977,17.59,0.4,N,16,0.13,0.65,5,2,0
47,37970,MORTGAGE,10,PERSONAL,B,11939,18.49,0.31,N,27,0.1,0.95,6,3,0
63,71693,RENT,3,MEDICAL,A,42401,20.41,0.59,N,34,0.2,0.12,2,4,0
49,109987,MORTGAGE,25,EDUCATION,E,26714,18.43,0.24,Y,17,0.52,0.66,6,8,1
41,28507,MORTGAGE,20,MEDICAL,C,8835,14.94,0.31,N,20,0.51,0.8,7,10,0
41,50740,OWN,0,VENTURE,B,20984,6.58,0.41,N,14,0.29,0.69,2,5,0
40,70733,MORTGAGE,2,EDUCATION,A,19624,11.12,0.28,N,21,0.22,0.44,13,3,0
33,57489,RENT,11,VENTURE,E,42971,17.93,0.75,N,2,0.49,0.86,9,5,1
51,33666,MORTGAGE,16,MEDICAL,B,21955,10.07,0.65,N,22,0.1,0.79,13,10,0
24,37241,MORTGAGE,3,EDUCATION,D,9712,17.45,0.26,Y,5,0.55,0.54,7,5,1
39,42333,OWN,6,PERSONAL,A,35147,14.16,0.83,N,14,0.52,0.36,2,3,0
45,35762,RENT,6,EDUCATION,A,16898,6.29,0.47,Y,4,0.35,0.63,5,10,1
53,40405,MORTGAGE,13,PERSONAL,A,23354,20.34,0.58,N,31,0.55,0.8,7,4,1
37,57405,OWN,8,EDUCATION,C,12525,10.44,0.22,N,16,0.45,0.81,5,7,1
35,47230,MORTGAGE,13,EDUCATION,D,15715,7.07,0.33,N,7,0.27,0.67,10,2,0
61,24791,OWN,9,HOMEIMPROVEMENT,E,9851,11.91,0.4,N,23,0.55,0.94,10,2,1
32,27485,RENT,12,MEDICAL,A,12800,12.47,0.47,N,12,0.58,0.94,14,4,1
45,149132,OWN,2,HOMEIMPROVEMENT,C,19539,20.83,0.13,N,13,0.59,0.31,13,11,1
31,91776,RENT,5,EDUCATION,E,14753,7.2,0.16,Y,1,0.51,0.93,14,1,1
59,112476,OWN,9,MEDICAL,A,29341,8.0,0.26,Y,13,0.22,0.5,1,11,1
53,78390,RENT,12,HOMEIMPROVEMENT,B,3613,18.81,0.05,Y,14,0.58,0.12,10,11,1
30,35330,MORTGAGE,6,PERSONAL,B,11886,16.0,0.34,N,4,0.06,0.32,8,1,0
56,42076,MORTGAGE,16,PERSONAL,A,10776,6.65,0.26,N,20,0.19,0.71,2,3,0
28,94318,RENT,1,HOMEIMPROVEMENT,C,31707,6.29,0.34,Y,5,0.55,0.92,4,8,1
28,93391,OWN,2,EDUCATION,A,45097,11.0,0.48,N,9,0.37,0.32,12,3,0
51,103536,MORTGAGE,8,EDUCATION,A,13809,19.19,0.13,N,13,0.22,0.76,14,0,0
23,111737,MORTGAGE,1,VENTURE,A,5752,15.12,0.05,N,2,0.17,0.43,7,6,1
48,102666,MORTGAGE,14,VENTURE,A,5633,19.05,0.05,Y,29,0.24,0.53,14,2,0
26,145942,RENT,7,EDUCATION,A,17939,13.74,0.12,N,5,0.42,0.69,10,3,0
57,107710,MORTGAGE,27,PERSONAL,D,1797,14.1,0.02,Y,27,0.06,0.29,1,2,1
34,145626,OWN,4,PERSONAL,A,35269,7.62,0.24,Y,15,0.34,0.35,6,6,1
27,130584,OWN,6,EDUCATION,A,5050,16.71,0.04,Y,5,0.08,0.71,4,9,1
44,127832,MORTGAGE,18,HOMEIMPROVEMENT,A,28713,14.14,0.22,N,1,0.56,0.81,2,8,1
25,119981,RENT,2,MEDICAL,C,36862,20.75,0.31,N,2,0.39,0.15,6,9,0
30,70258,MORTGAGE,4,MEDICAL,C,49174,13.95,0.7,N,7,0.28,0.24,13,7,0
44,64140,MORTGAGE,21,VENTURE,D,13122,12.02,0.2,N,20,0.35,0.33,10,8,0
36,38984,OWN,14,EDUCATION,A,13861,19.18,0.36,N,17,0.16,0.5,10,1,0
52,140029,RENT,11,MEDICAL,A,44950,10.04,0.32,N,13,0.17,0.93,14,7,0
37,23484,RENT,3,VENTURE,C,19225,17.75,0.82,N,17,0.18,0.19,14,0,0
59,69112,OWN,4,HOMEIMPROVEMENT,C,24620,20.73,0.36,Y,16,0.26,0.59,9,4,0
21,115107,MORTGAGE,2,MEDICAL,A,41555,15.87,0.36,N,1,0.6,0.48,13,0,0
21,109460,RENT,0,HOMEIMPROVEMENT,D,10910,15.46,0.1,N,2,0.07,0.87,10,4,1
46,72975,RENT,18,HOMEIMPROVEMENT,B,26625,10.77,0.36,N,13,0.35,0.17,3,6,0
31,116738,RENT,3,HOMEIMPROVEMENT,E,26692,6.83,0.23,N,3,0.4,0.58,8,8,0
60,58699,MORTGAGE,21,PERSONAL,D,31615,15.34,0.54,N,26,0.32,0.16,1,8,1
59,139123,MORTGAGE,4,HOMEIMPROVEMENT,B,11816,9.82,0.08,N,3,0.31,0.35,2,3,0
22,52265,OWN,0,EDUCATION,A,47714,18.07,0.91,N,2,0.5,0.19,4,7,1
26,126532,MORTGAGE,3,VENTURE,B,10903,16.93,0.09,N,5,0.6,0.15,13,2,0
50,103463,OWN,21,MEDICAL,B,24896,17.3,0.24,N,17,0.41,0.17,4,4,0
23,55298,RENT,0,PERSONAL,B,24429,8.34,0.44,Y,1,0.12,0.51,4,8,1
47,36523,OWN,16,VENTURE,A,20552,12.89,0.56,N,28,0.27,0.16,11,0,0
45,147425,OWN,18,VENTURE,A,16816,13.61,0.11,N,15,0.52,0.56,7,9,0
39,128369,MORTGAGE,11,PERSONAL,B,21918,10.36,0.17,N,1,0.51,0.78,13,0,0
64,145320,RENT,17,VENTURE,B,38809,7.8,0.27,N,27,0.32,0.61,2,2,0
28,47167,RENT,3,PERSONAL,C,29991,18.51,0.64,N,3,0.21,0.66,9,5,0
50,113238,OWN,8,HOMEIMPROVEMENT,C,36523,21.27,0.32,N,13,0.08,0.37,13,3,0
21,46382,MORTGAGE,0,EDUCATION,E,23419,20.0,0.5,N,1,0.57,0.83,1,1,1
60,53063,MORTGAGE,29,MEDICAL,B,23340,17.33,0.44,N,13,0.34,0.86,3,11,1
30,42313,MORTGAGE,4,VENTURE,C,18611,18.87,0.44,N,8,0.45,0.55,14,2,1
29,21711,RENT,9,EDUCATION,A,7261,17.27,0.33,N,7,0.3,0.32,8,0,0
46,138623,OWN,11,EDUCATION,E,22575,9.79,0.16,Y,21,0.51,0.45,6,11,1
52,111658,OWN,9,EDUCATION,A,10160,12.25,0.09,N,25,0.59,0.22,5,1,0
32,102793,MORTGAGE,10,HOMEIMPROVEMENT,B,20622,12.64,0.2,N,3,0.44,0.31,5,0,0
37,114019,MORTGAGE,15,EDUCATION,C,23963,16.11,0.21,N,5,0.11,0.54,9,2,0
35,44945,RENT,15,EDUCATION,A,4743,14.69,0.11,Y,1,0.38,0.62,10,10,1
37,74645,RENT,0,VENTURE,D,13674,6.02,0.18,N,10,0.53,0.51,6,10,1
40,56182,OWN,5,PERSONAL,A,7457,15.05,0.13,N,4,0.55,0.47,8,9,1
28,27386,OWN,5,HOMEIMPROVEMENT,A,8635,18.03,0.32,N,2,0.54,0.8,13,4,0
31,110762,OWN,4,PERSONAL,A,25916,21.72,0.23,Y,1,0.4,0.6,9,4,0
52,20997,OWN,2,MEDICAL,B,12001,20.56,0.57,N,16,0.37,0.41,7,0,0
22,28983,OWN,1,MEDICAL,B,20995,15.05,0.72,N,1,0.38,0.25,14,4,1
52,136972,MORTGAGE,1,HOMEIMPROVEMENT,D,14598,7.53,0.11,Y,8,0.33,0.72,9,6,1
60,115072,MORTGAGE,3,PERSONAL,E,41186,6.12,0.36,N,37,0.3,0.38,9,6,0
49,67198,MORTGAGE,17,MEDICAL,E,47632,16.9,0.71,N,4,0.27,0.47,6,7,1
59,55774,RENT,14,MEDICAL,A,23391,11.16,0.42,Y,1,0.51,0.89,11,9,1
42,81396,RENT,5,EDUCATION,A,30402,15.56,0.37,N,12,0.4,0.52,10,0,0
39,93563,RENT,0,EDUCATION,A,26530,8.6,0.28,N,10,0.36,0.83,2,2,0
61,21082,MORTGAGE,12,PERSONAL,A,9167,17.71,0.43,N,17,0.11,0.43,8,0,0
24,39689,OWN,2,VENTURE,D,29506,17.63,0.74,N,3,0.13,0.83,9,11,1
29,83745,OWN,1,MEDICAL,C,2211,18.55,0.03,N,10,0.2,0.44,5,0,0
45,21609,MORTGAGE,13,EDUCATION,A,20945,7.35,0.97,Y,26,0.24,0.78,9,2,1
58,87759,RENT,9,HOMEIMPROVEMENT,D,43732,14.93,0.5,N,36,0.12,0.84,12,2,1
25,107073,MORTGAGE,6,EDUCATION,E,35370,16.13,0.33,N,3,0.54,0.45,3,1,1
23,77727,RENT,2,PERSONAL,D,25917,17.67,0.33,N,4,0.22,0.72,4,8,1
56,90385,OWN,7,MEDICAL,B,12055,13.37,0.13,N,21,0.42,0.31,2,2,0
35,130463,OWN,7,HOMEIMPROVEMENT,B,11450,6.14,0.09,Y,8,0.4,0.47,3,1,0
60,134934,OWN,30,EDUCATION,C,42886,18.01,0.32,Y,34,0.52,0.5,10,8,1
42,45059,OWN,16,VENTURE,A,41626,21.72,0.92,N,10,0.52,0.21,9,3,1
30,60042,MORTGAGE,1,VENTURE,A,18320,8.98,0.31,N,3,0.5,0.78,6,6,1
49,65380,RENT,9,HOMEIMPROVEMENT,A,22364,11.1,0.34,N,21,0.36,0.13,4,9,0
62,27750,OWN,12,HOMEIMPROVEMENT,A,18461,6.44,0.67,Y,32,0.22,0.89,2,1,1
60,62873,MORTGAGE,32,EDUCATION,D,48565,6.33,0.77,N,23,0.38,0.53,3,1,0
60,38489,OWN,27,VENTURE,C,30118,14.84,0.78,Y,3,0.55,0.56,4,2,1
54,39462,OWN,27,MEDICAL,B,32933,12.07,0.83,Y,14,0.15,0.91,10,1,1
64,41323,RENT,27,VENTURE,D,11619,6.02,0.28,N,21,0.56,0.65,3,3,0
50,29479,MORTGAGE,1,VENTURE,A,22304,21.35,0.76,N,19,0.52,0.83,5,10,1
56,47526,RENT,21,PERSONAL,C,34998,18.45,0.74,N,23,0.59,0.77,10,4,1
32,67224,RENT,9,EDUCATION,D,26553,6.81,0.39,N,11,0.28,0.11,3,4,0
37,81510,RENT,12,MEDICAL,A,16810,9.27,0.21,N,17,0.57,0.76,14,0,0
27,40785,RENT,7,MEDICAL,A,3121,15.35,0.08,N,1,0.37,0.88,1,8,1
55,42821,MORTGAGE,23,VENTURE,D,12530,19.94,0.29,N,3,0.27,0.29,3,0,0
48,89497,MORTGAGE,29,MEDICAL,B,42574,21.52,0.48,N,21,0.18,0.22,4,8,1
21,107440,OWN,1,VENTURE,B,44361,16.87,0.41,N,1,0.57,0.59,11,7,1
29,98004,RENT,8,VENTURE,A,16479,18.67,0.17,Y,7,0.09,0.51,5,10,1
22,29001,MORTGAGE,0,EDUCATION,E,1419,8.53,0.05,N,1,0.5,0.86,6,0,1
56,122797,RENT,9,VENTURE,A,18058,13.89,0.15,Y,17,0.55,0.33,13,10,1
22,74327,RENT,0,EDUCATION,B,32835,18.98,0.44,N,3,0.54,0.14,5,11,1
43,133606,OWN,6,HOMEIMPROVEMENT,C,29930,10.14,0.22,N,17,0.54,0.19,2,8,0
56,120639,MORTGAGE,33,PERSONAL,B,30759,6.37,0.25,N,10,0.53,0.36,12,0,0
46,26471,RENT,15,VENTURE,A,11693,20.63,0.44,N,26,0.11,0.23,5,11,1
46,108789,MORTGAGE,11,MEDICAL,B,3365,10.88,0.03,N,17,0.44,0.72,9,4,0
27,25122,RENT,6,MEDICAL,B,20181,17.99,0.8,N,4,0.11,0.48,3,2,0
27,147368,RENT,3,PERSONAL,B,12440,20.84,0.08,N,2,0.5,0.89,3,1,1
63,88056,OWN,9,PERSONAL,A,35196,17.73,0.4,Y,39,0.39,0.68,13,8,1
34,57792,MORTGAGE,15,MEDICAL,B,23301,14.31,0.4,N,5,0.59,0.82,2,11,1
55,74471,MORTGAGE,6,EDUCATION,E,45227,6.64,0.61,N,19,0.15,0.54,12,9,1
26,135313,MORTGAGE,2,PERSONAL,B,29810,8.04,0.22,N,5,0.06,0.16,5,9,0
51,135472,MORTGAGE,8,EDUCATION,D,13012,6.42,0.1,N,13,0.17,0.12,3,6,0
25,39521,MORTGAGE,2,HOMEIMPROVEMENT,C,18219,17.43,0.46,N,2,0.49,0.39,2,9,1
28,66172,MORTGAGE,7,PERSONAL,C,43043,19.23,0.65,N,1,0.24,0.36,4,4,0
49,115049,OWN,22,EDUCATION,C,33294,14.36,0.29,N,20,0.59,0.19,4,11,0
40,140506,RENT,13,EDUCATION,A,5994,13.88,0.04,N,8,0.47,0.93,3,1,0
54,52500,RENT,21,HOMEIMPROVEMENT,A,20230,15.86,0.39,N,19,0.24,0.61,12,5,0
25,140294,MORTGAGE,2,EDUCATION,C,28897,7.8,0.21,N,3,0.49,0.88,13,0,0
49,21333,MORTGAGE,21,VENTURE,A,18584,20.96,0.87,Y,6,0.59,0.47,11,8,1
57,128162,MORTGAGE,8,VENTURE,D,5136,10.47,0.04,N,2,0.44,0.12,9,11,1
33,38640,MORTGAGE,14,PERSONAL,A,37136,6.1,0.96,N,1,0.5,0.14,8,1,0
58,78855,RENT,33,PERSONAL,B,1018,15.87,0.01,N,5,0.26,0.75,14,3,0
25,57305,RENT,4,EDUCATION,C,22352,20.76,0.39,Y,2,0.37,0.14,5,0,0
32,69485,RENT,7,PERSONAL,E,12025,18.83,0.17,N,2,0.45,0.19,10,8,1
50,54929,RENT,11,HOMEIMPROVEMENT,B,26628,19.06,0.48,Y,25,0.19,0.18,2,2,1
48,95010,OWN,5,VENTURE,A,33599,20.52,0.35,Y,27,0.05,0.89,1,8,1
50,103729,OWN,25,HOMEIMPROVEMENT,A,44967,19.76,0.43,N,8,0.15,0.21,8,4,0
27,53365,MORTGAGE,6,PERSONAL,B,3336,14.37,0.06,N,5,0.18,0.44,11,8,0
30,123752,OWN,10,PERSONAL,C,32262,11.89,0.26,Y,9,0.39,0.84,10,8,1
56,122489,OWN,30,VENTURE,A,12465,13.75,0.1,N,22,0.2,0.26,13,4,0
39,78067,MORTGAGE,0,VENTURE,B,46587,9.88,0.6,Y,15,0.44,0.75,6,4,1
58,104106,RENT,2,HOMEIMPROVEMENT,E,35318,6.79,0.34,N,1,0.38,0.75,10,6,0
47,30712,RENT,23,VENTURE,B,29584,6.77,0.96,N,22,0.45,0.91,13,6,1
22,72999,OWN,2,HOMEIMPROVEMENT,D,37343,13.43,0.51,Y,3,0.4,0.64,3,9,1
23,101931,OWN,2,PERSONAL,B,3537,20.23,0.03,N,2,0.38,0.68,12,5,0
51,67638,MORTGAGE,9,MEDICAL,E,3719,11.36,0.05,N,30,0.55,0.1,2,11,1
30,29569,RENT,9,EDUCATION,B,11141,20.55,0.38,Y,3,0.51,0.36,13,5,1
22,122652,RENT,1,PERSONAL,C,18776,20.08,0.15,N,1,0.54,0.71,11,9,1
56,113809,OWN,36,HOMEIMPROVEMENT,B,26934,7.02,0.24,N,34,0.33,0.77,10,8,0
58,44400,OWN,18,HOMEIMPROVEMENT,B,7846,17.9,0.18,N,31,0.37,0.31,3,8,0
55,57310,MORTGAGE,3,HOMEIMPROVEMENT,A,19147,14.95,0.33,N,13,0.52,0.68,7,7,0
64,37633,MORTGAGE,32,EDUCATION,C,18014,14.57,0.48,N,22,0.06,0.65,12,6,0
40,83087,MORTGAGE,1,MEDICAL,A,45654,13.74,0.55,Y,19,0.32,0.39,7,1,1
37,54016,RENT,14,PERSONAL,A,46558,14.51,0.86,N,8,0.18,0.56,6,5,0
36,149133,OWN,2,EDUCATION,B,23068,19.32,0.15,N,4,0.23,0.17,13,1,0
24,52486,RENT,4,PERSONAL,E,20338,8.49,0.39,N,2,0.07,0.93,8,5,0
28,104665,OWN,1,PERSONAL,C,34307,7.24,0.33,N,9,0.19,0.49,1,8,0
24,64066,OWN,2,PERSONAL,D,21213,10.91,0.33,N,3,0.58,0.29,7,11,1
59,29623,RENT,8,HOMEIMPROVEMENT,A,22947,17.77,0.77,N,26,0.36,0.71,4,9,1
32,81001,MORTGAGE,7,EDUCATION,C,34243,18.12,0.42,N,5,0.4,0.78,14,7,1
23,103807,OWN,2,HOMEIMPROVEMENT,B,34434,16.68,0.33,N,2,0.38,0.29,5,4,0
46,127051,MORTGAGE,0,PERSONAL,B,16116,15.89,0.13,Y,2,0.42,0.53,4,7,1
45,106840,MORTGAGE,18,VENTURE,B,43274,14.29,0.41,N,5,0.37,0.33,9,5,0
22,22869,RENT,2,PERSONAL,A,18340,9.59,0.8,N,1,0.06,0.52,4,7,0
50,135828,RENT,10,PERSONAL,C,39498,20.45,0.29,Y,10,0.52,0.53,12,4,1
44,26907,OWN,18,PERSONAL,A,26009,14.5,0.97,N,14,0.18,0.62,12,6,0
37,53576,OWN,18,EDUCATION,A,33247,18.89,0.62,N,1,0.27,0.77,11,10,1
23,129407,RENT,1,VENTURE,A,42127,11.6,0.33,N,2,0.08,0.28,10,0,0
29,84910,MORTGAGE,3,HOMEIMPROVEMENT,D,15919,20.97,0.19,N,3,0.45,0.19,10,7,1
35,65270,RENT,13,PERSONAL,B,23742,12.69,0.36,N,6,0.38,0.94,8,1,0
25,124222,OWN,4,VENTURE,B,6454,18.09,0.05,N,3,0.44,0.73,11,5,0
40,123064,OWN,17,EDUCATION,C,31346,7.53,0.25,N,20,0.47,0.32,8,10,0
28,87894,RENT,7,HOMEIMPROVEMENT,A,29706,17.89,0.34,Y,8,0.43,0.47,11,4,1
27,78739,OWN,2,HOMEIMPROVEMENT,C,13089,14.94,0.17,N,8,0.31,0.73,10,7,0
45,132863,MORTGAGE,7,HOMEIMPROVEMENT,C,35700,20.24,0.27,Y,17,0.15,0.58,9,11,1
57,111563,RENT,0,EDUCATION,B,36081,21.14,0.32,N,8,0.21,0.17,12,8,1
35,91474,OWN,5,MEDICAL,A,45122,16.96,0.49,N,2,0.16,0.56,2,3,0
45,101731,MORTGAGE,9,MEDICAL,C,12154,16.96,0.12,N,19,0.16,0.33,1,11,0
51,43659,OWN,23,MEDICAL,D,17560,13.1,0.4,Y,17,0.1,0.37,9,3,1
48,57193,OWN,21,HOMEIMPROVEMENT,B,4830,12.23,0.08,N,11,0.19,0.67,10,7,0
53,36128,MORTGAGE,5,HOMEIMPROVEMENT,E,23778,21.36,0.66,N,26,0.31,0.37,13,11,1
63,23454,OWN,12,HOMEIMPROVEMENT,D,4255,19.4,0.18,N,38,0.41,0.47,2,7,1
22,112905,OWN,0,MEDICAL,E,23614,9.88,0.21,N,3,0.26,0.22,2,3,0
40,41637,MORTGAGE,20,EDUCATION,E,23369,8.33,0.56,N,9,0.16,0.47,8,0,0
51,118331,RENT,7,VENTURE,D,12164,10.3,0.1,Y,24,0.52,0.25,12,1,1
61,147750,RENT,31,MEDICAL,D,47062,18.05,0.32,N,37,0.19,0.58,3,8,1
39,113926,RENT,2,EDUCATION,E,37000,6.03,0.32,N,6,0.3,0.39,4,5,0
25,43618,OWN,0,MEDICAL,B,16409,17.28,0.38,N,3,0.29,0.2,2,1,0
58,23436,OWN,7,VENTURE,A,20738,12.95,0.88,N,21,0.33,0.59,1,4,0
32,69646,RENT,12,MEDICAL,A,30809,16.04,0.44,Y,7,0.48,0.94,5,9,1
28,66815,MORTGAGE,9,PERSONAL,D,13502,18.24,0.2,Y,9,0.3,0.41,4,9,1
60,149044,MORTGAGE,14,EDUCATION,C,28490,18.42,0.19,Y,36,0.55,0.25,12,1,1
30,99369,RENT,5,EDUCATION,B,9154,21.74,0.09,N,3,0.34,0.21,1,6,0
64,136220,RENT,5,PERSONAL,B,2996,20.36,0.02,N,22,0.11,0.82,6,4,0
53,115668,MORTGAGE,28,EDUCATION,D,46472,20.67,0.4,N,19,0.27,0.65,10,7,1
24,104766,OWN,2,VENTURE,C,27008,16.85,0.26,Y,5,0.09,0.69,4,8,1
24,62623,OWN,4,MEDICAL,A,27411,6.5,0.44,N,5,0.43,0.61,3,9,1
35,148938,RENT,11,VENTURE,E,35413,15.87,0.24,N,8,0.13,0.67,10,3,0
32,71474,RENT,4,MEDICAL,D,5090,21.39,0.07,Y,1,0.57,0.48,12,7,1
30,37443,MORTGAGE,10,EDUCATION,A,2922,6.63,0.08,N,6,0.11,0.15,12,10,0
36,113045,MORTGAGE,10,VENTURE,C,12003,7.18,0.11,Y,3,0.43,0.16,9,0,1
26,40684,RENT,5,HOMEIMPROVEMENT,A,33542,7.27,0.82,N,7,0.08,0.48,10,4,0
29,57322,RENT,10,EDUCATION,A,27008,16.71,0.47,Y,10,0.17,0.11,5,9,1
21,54062,RENT,0,VENTURE,B,26041,8.4,0.48,Y,2,0.34,0.89,8,10,1
61,86914,RENT,17,PERSONAL,C,41703,11.9,0.48,N,41,0.08,0.75,2,4,0
25,44198,OWN,1,HOMEIMPROVEMENT,A,8735,15.46,0.2,N,2,0.19,0.42,12,1,0
58,132789,OWN,22,PERSONAL,A,25496,16.85,0.19,Y,15,0.2,0.17,4,0,0
42,138333,MORTGAGE,9,VENTURE,B,20275,13.58,0.15,N,13,0.44,0.43,8,10,0
54,97487,OWN,11,MEDICAL,B,49613,13.26,0.51,N,4,0.14,0.93,14,7,1
54,88283,RENT,12,VENTURE,D,13454,20.49,0.15,Y,16,0.46,0.29,4,11,1
31,49757,RENT,12,VENTURE,C,15561,8.67,0.31,N,4,0.09,0.44,13,5,0
63,112508,RENT,37,PERSONAL,B,43464,12.98,0.39,Y,31,0.15,0.17,3,0,0
23,101787,RENT,4,PERSONAL,C,11707,14.03,0.12,Y,4,0.45,0.84,8,1,1
31,132743,OWN,5,VENTURE,D,37519,13.14,0.28,Y,7,0.35,0.31,6,7,1
36,98561,RENT,0,VENTURE,D,37951,21.18,0.39,N,12,0.34,0.51,13,2,1
33,88323,MORTGAGE,5,PERSONAL,C,49357,7.9,0.56,N,12,0.21,0.46,10,7,0
32,61258,RENT,12,EDUCATION,D,10306,18.91,0.17,Y,10,0.05,0.5,13,0,1
37,146278,MORTGAGE,10,HOMEIMPROVEMENT,C,38952,13.11,0.27,N,4,0.28,0.67,14,4,0
59,68770,RENT,31,EDUCATION,A,38641,10.33,0.56,Y,34,0.27,0.12,12,1,1
27,60647,OWN,2,HOMEIMPROVEMENT,E,22996,13.39,0.38,N,7,0.09,0.59,7,8,0
25,142814,RENT,1,HOMEIMPROVEMENT,D,2373,16.65,0.02,N,5,0.19,0.17,10,7,1
43,83530,OWN,0,EDUCATION,A,8788,18.83,0.11,N,3,0.06,0.91,5,7,1
38,147580,MORTGAGE,2,MEDICAL,D,34715,12.48,0.24,Y,3,0.43,0.15,4,0,1
28,140895,OWN,6,MEDICAL,D,42000,11.26,0.3,N,1,0.34,0.56,2,3,0
60,143698,RENT,16,EDUCATION,D,13176,20.33,0.09,N,14,0.48,0.23,3,7,1
44,137286,RENT,20,VENTURE,E,36421,7.14,0.27,N,16,0.55,0.43,3,2,0
39,57190,MORTGAGE,17,MEDICAL,B,8463,10.11,0.15,Y,4,0.25,0.43,10,3,0
39,144288,MORTGAGE,12,EDUCATION,D,46037,7.19,0.32,N,6,0.5,0.13,7,9,1
49,23051,MORTGAGE,10,EDUCATION,C,12789,17.99,0.55,Y,11,0.43,0.31,1,7,1
45,83278,MORTGAGE,5,VENTURE,D,48246,9.4,0.58,N,3,0.47,0.45,4,3,1
29,125758,OWN,1,MEDICAL,B,45349,18.54,0.36,N,1,0.33,0.24,6,11,1
26,147769,MORTGAGE,7,EDUCATION,D,3586,13.78,0.02,N,6,0.47,0.79,3,6,1
57,132695,OWN,37,PERSONAL,C,21316,9.62,0.16,N,2,0.46,0.13,14,10,0
57,50086,RENT,7,EDUCATION,B,33726,14.18,0.67,N,21,0.06,0.31,14,11,0
58,52930,MORTGAGE,33,MEDICAL,C,29315,14.39,0.55,N,13,0.31,0.19,7,11,0
32,74478,RENT,6,VENTURE,C,29621,6.77,0.4,N,10,0.5,0.14,11,2,0
31,86394,MORTGAGE,9,MEDICAL,B,26020,13.37,0.3,N,1,0.07,0.37,10,7,0
63,20209,MORTGAGE,35,VENTURE,A,17537,20.95,0.87,N,33,0.58,0.16,7,7,1
45,62136,OWN,20,MEDICAL,B,29163,13.47,0.47,Y,24,0.32,0.17,7,11,1
28,77415,RENT,0,MEDICAL,C,31826,18.82,0.41,N,3,0.46,0.21,1,0,1
54,68122,MORTGAGE,18,PERSONAL,E,9709,19.43,0.14,N,17,0.43,0.3,10,9,1
40,100576,RENT,6,HOMEIMPROVEMENT,B,49784,9.34,0.49,N,2,0.4,0.82,13,5,0
36,103442,OWN,4,MEDICAL,B,2069,18.07,0.02,N,8,0.41,0.36,1,1,0
27,79556,MORTGAGE,6,VENTURE,B,2354,21.76,0.03,Y,5,0.38,0.24,4,0,0
23,135637,MORTGAGE,1,HOMEIMPROVEMENT,B,30778,15.39,0.23,N,3,0.26,0.31,5,8,1
29,24725,OWN,1,VENTURE,A,23671,18.84,0.96,N,1,0.27,0.49,10,11,1
45,42455,MORTGAGE,16,EDUCATION,C,17882,9.28,0.42,Y,14,0.52,0.5,2,0,1
61,99711,OWN,3,PERSONAL,D,6892,17.51,0.07,N,8,0.5,0.85,14,4,1
63,85048,OWN,2,HOMEIMPROVEMENT,D,41142,20.17,0.48,N,43,0.43,0.32,9,5,1
37,133004,RENT,0,MEDICAL,E,6445,9.56,0.05,N,13,0.2,0.7,12,6,1
32,101122,RENT,0,MEDICAL,B,2567,6.41,0.03,N,7,0.12,0.69,5,2,0
29,96898,RENT,3,VENTURE,C,19297,14.4,0.2,N,10,0.33,0.52,1,7,0
37,82514,MORTGAGE,17,VENTURE,C,49421,13.76,0.6,Y,10,0.42,0.39,6,4,1
62,29569,OWN,31,EDUCATION,B,28756,9.11,0.97,N,21,0.24,0.33,12,10,0
56,110450,RENT,8,PERSONAL,A,27269,9.47,0.25,Y,35,0.23,0.42,9,6,1
25,70990,RENT,0,VENTURE,B,1009,20.92,0.01,N,2,0.35,0.24,8,0,0
60,81926,MORTGAGE,25,VENTURE,C,42048,7.82,0.51,N,37,0.32,0.74,6,0,0
50,80012,RENT,8,EDUCATION,A,12584,9.65,0.16,N,8,0.17,0.87,11,1,0
49,47151,OWN,2,PERSONAL,E,9750,19.92,0.21,Y,4,0.39,0.55,14,9,1
44,145212,OWN,8,HOMEIMPROVEMENT,A,42266,7.66,0.29,Y,5,0.33,0.94,12,1,1
43,41918,MORTGAGE,9,MEDICAL,A,31306,9.66,0.75,Y,16,0.5,0.57,12,0,1
49,36374,MORTGAGE,30,PERSONAL,C,4775,14.12,0.13,N,6,0.08,0.44,2,0,0
55,114781,OWN,29,VENTURE,D,14276,20.01,0.12,N,20,0.49,0.73,10,1,1
48,40946,MORTGAGE,22,HOMEIMPROVEMENT,C,31316,12.46,0.76,Y,1,0.53,0.79,8,2,1
22,126158,MORTGAGE,3,MEDICAL,B,44421,15.39,0.35,N,2,0.23,0.71,4,8,0
49,88515,RENT,4,HOMEIMPROVEMENT,A,8065,9.84,0.09,N,22,0.38,0.44,6,4,0
46,86320,OWN,7,MEDICAL,E,41864,8.19,0.48,N,22,0.25,0.35,7,9,1
26,64135,RENT,3,EDUCATION,E,18357,21.34,0.29,N,2,0.16,0.37,7,9,1
55,109424,OWN,34,PERSONAL,E,27514,9.7,0.25,Y,35,0.27,0.81,8,7,1
59,85364,OWN,22,HOMEIMPROVEMENT,A,45237,11.98,0.53,N,5,0.47,0.69,2,3,0
36,57011,OWN,15,EDUCATION,B,28718,17.99,0.5,N,11,0.11,0.61,1,9,1
39,52089,OWN,14,VENTURE,C,31029,9.64,0.6,N,14,0.24,0.92,6,5,0
52,128750,RENT,4,VENTURE,A,43378,18.11,0.34,N,4,0.42,0.31,14,11,1
41,122820,MORTGAGE,6,PERSONAL,B,49985,16.25,0.41,Y,5,0.17,0.56,6,6,1
58,142026,RENT,18,VENTURE,C,37323,14.99,0.26,Y,13,0.47,0.86,13,10,1
50,111860,MORTGAGE,5,MEDICAL,E,28195,18.14,0.25,Y,15,0.27,0.36,6,11,1
42,25774,MORTGAGE,23,HOMEIMPROVEMENT,E,11983,20.05,0.46,N,22,0.14,0.32,13,8,1
60,27812,RENT,20,HOMEIMPROVEMENT,B,5557,18.49,0.2,N,20,0.32,0.27,13,7,0
64,117555,MORTGAGE,20,HOMEIMPROVEMENT,D,17676,15.43,0.15,N,35,0.49,0.59,3,1,1
49,138343,OWN,18,HOMEIMPROVEMENT,B,29830,12.2,0.22,N,26,0.39,0.52,7,5,0
30,103384,RENT,6,HOMEIMPROVEMENT,D,22999,15.31,0.22,Y,6,0.53,0.35,12,4,1
58,44809,OWN,23,PERSONAL,A,1693,10.75,0.04,N,39,0.17,0.7,5,10,0
36,79150,OWN,14,PERSONAL,A,36773,9.19,0.46,N,3,0.52,0.68,9,6,1
39,82167,RENT,19,EDUCATION,E,48150,16.11,0.59,N,17,0.3,0.79,12,1,1
51,122231,OWN,6,PERSONAL,C,16797,20.64,0.14,N,5,0.27,0.63,14,11,0
31,128982,RENT,10,PERSONAL,A,37807,10.7,0.29,N,2,0.39,0.56,10,6,0
35,88577,OWN,9,PERSONAL,E,10078,16.73,0.11,N,8,0.4,0.7,6,8,1
34,130965,RENT,12,HOMEIMPROVEMENT,B,10643,13.84,0.08,Y,1,0.28,0.93,7,7,1
22,26378,RENT,1,EDUCATION,E,10365,10.27,0.39,N,1,0.08,0.14,8,8,1
32,68136,OWN,9,EDUCATION,C,18337,15.89,0.27,N,13,0.51,0.46,8,9,1
59,58912,MORTGAGE,23,HOMEIMPROVEMENT,B,49737,17.03,0.84,Y,15,0.52,0.76,12,2,1
40,142903,OWN,3,EDUCATION,B,40238,18.96,0.28,Y,15,0.3,0.36,9,4,0
46,66092,MORTGAGE,23,VENTURE,E,11350,9.38,0.17,N,2,0.2,0.78,14,7,0
34,138712,OWN,2,EDUCATION,B,40383,7.39,0.29,N,6,0.33,0.69,13,1,0
39,20893,RENT,14,EDUCATION,C,20773,18.53,0.99,Y,9,0.25,0.74,7,2,1
37,50386,RENT,13,EDUCATION,E,4802,12.52,0.1,N,15,0.47,0.59,13,2,0
62,93567,OWN,7,VENTURE,C,36548,16.5,0.39,Y,6,0.53,0.84,9,4,1
21,86189,OWN,1,VENTURE,A,27418,16.99,0.32,Y,2,0.47,0.35,5,9,1
51,69050,MORTGAGE,7,PERSONAL,A,5626,21.46,0.08,Y,28,0.2,0.45,3,9,1
42,143199,MORTGAGE,15,VENTURE,B,35866,18.6,0.25,N,14,0.21,0.7,12,11,0
41,42626,MORTGAGE,11,VENTURE,B,11521,19.43,0.27,N,13,0.24,0.86,7,9,1
22,29921,RENT,3,MEDICAL,E,9859,10.22,0.33,N,1,0.1,0.63,6,1,0
39,120546,RENT,9,PERSONAL,C,38865,8.75,0.32,N,18,0.23,0.56,1,1,0
45,93509,MORTGAGE,5,PERSONAL,B,31129,11.84,0.33,N,24,0.24,0.62,9,9,0
40,46924,RENT,1,VENTURE,A,8711,10.23,0.19,Y,20,0.37,0.89,9,4,1
51,89329,OWN,22,VENTURE,E,2659,15.45,0.03,N,18,0.15,0.84,7,3,1
33,143775,RENT,7,VENTURE,E,21106,8.32,0.15,N,1,0.16,0.24,4,0,0
26,58672,RENT,3,VENTURE,A,34122,16.17,0.58,N,2,0.06,0.45,4,11,1
44,99239,RENT,18,HOMEIMPROVEMENT,E,42326,14.57,0.43,N,22,0.43,0.73,14,11,1
59,35795,MORTGAGE,28,HOMEIMPROVEMENT,B,12284,8.5,0.34,N,19,0.1,0.49,5,3,0
59,64629,RENT,16,VENTURE,B,2633,7.31,0.04,Y,6,0.52,0.46,5,1,1
53,73707,RENT,21,VENTURE,B,7396,12.91,0.1,N,27,0.39,0.22,12,11,0
26,113574,OWN,7,PERSONAL,D,31431,10.69,0.28,N,1,0.46,0.29,9,11,1
41,29045,OWN,20,EDUCATION,E,19667,11.55,0.68,N,7,0.54,0.43,9,0,1
39,25283,OWN,12,PERSONAL,C,15839,9.2,0.63,N,10,0.33,0.32,11,7,0
54,148116,OWN,28,EDUCATION,A,33548,10.98,0.23,N,26,0.46,0.75,4,9,0
59,56114,MORTGAGE,14,EDUCATION,C,33799,14.05,0.6,N,1,0.31,0.93,12,4,0
56,67701,MORTGAGE,25,MEDICAL,A,11805,19.32,0.17,N,14,0.16,0.91,9,3,0
22,144726,MORTGAGE,3,EDUCATION,A,11679,19.96,0.08,N,2,0.06,0.81,1,8,1
28,149242,RENT,9,MEDICAL,E,45941,19.4,0.31,N,4,0.24,0.49,14,0,0
23,73053,MORTGAGE,1,EDUCATION,B,18568,16.77,0.25,N,2,0.25,0.38,2,5,0
28,114430,RENT,3,MEDICAL,A,41711,12.42,0.36,Y,7,0.2,0.25,7,11,1
47,55732,RENT,8,PERSONAL,D,18694,9.28,0.34,N,2,0.24,0.75,10,3,0
57,140461,OWN,36,VENTURE,B,31215,6.55,0.22,N,13,0.15,0.34,2,8,0
37,25620,RENT,14,HOMEIMPROVEMENT,E,5681,12.99,0.22,N,12,0.09,0.24,2,0,0
31,100543,MORTGAGE,7,PERSONAL,C,45691,10.67,0.45,Y,8,0.59,0.26,3,4,1
57,105040,OWN,2,MEDICAL,E,44794,20.78,0.43,N,23,0.39,0.53,7,4,1
54,128297,MORTGAGE,34,VENTURE,C,39346,6.38,0.31,N,21,0.57,0.36,1,1,0
48,78860,MORTGAGE,13,HOMEIMPROVEMENT,C,49648,20.16,0.63,Y,2,0.57,0.82,3,6,1
35,66659,RENT,12,HOMEIMPROVEMENT,B,24563,21.45,0.37,N,16,0.38,0.9,4,1,0
64,74933,OWN,7,HOMEIMPROVEMENT,A,32481,16.99,0.43,N,27,0.11,0.56,5,7,1
23,56368,OWN,2,VENTURE,A,48101,17.02,0.85,N,4,0.45,0.24,2,9,1
29,113105,MORTGAGE,10,PERSONAL,A,20065,8.35,0.18,N,5,0.18,0.59,13,0,0
47,118723,MORTGAGE,28,PERSONAL,B,11789,18.04,0.1,N,5,0.48,0.22,4,5,0
59,79694,MORTGAGE,28,HOMEIMPROVEMENT,A,33844,7.77,0.42,N,24,0.56,0.71,12,4,0
39,22105,MORTGAGE,8,EDUCATION,D,10330,15.71,0.47,N,16,0.15,0.11,14,11,1
34,117551,RENT,10,HOMEIMPROVEMENT,E,8283,19.64,0.07,N,1,0.16,0.37,11,8,1
53,137035,MORTGAGE,17,HOMEIMPROVEMENT,A,40695,13.1,0.3,Y,29,0.42,0.54,10,4,1
49,97241,OWN,16,EDUCATION,B,29047,18.14,0.3,N,3,0.29,0.76,10,4,0
47,124997,RENT,3,HOMEIMPROVEMENT,D,22706,8.02,0.18,Y,18,0.53,0.48,11,4,1
44,58636,MORTGAGE,23,HOMEIMPROVEMENT,C,1010,15.9,0.02,N,15,0.07,0.95,9,3,0
35,127323,OWN,9,HOMEIMPROVEMENT,A,3024,6.31,0.02,N,10,0.11,0.7,3,1,0
30,112724,RENT,8,HOMEIMPROVEMENT,C,19405,9.91,0.17,N,5,0.23,0.73,5,2,0
25,80385,OWN,0,HOMEIMPROVEMENT,B,32029,20.27,0.4,N,5,0.17,0.6,11,8,1
34,132314,MORTGAGE,6,PERSONAL,B,25248,15.58,0.19,Y,2,0.05,0.1,6,7,1
42,48610,OWN,23,PERSONAL,E,35678,7.98,0.73,N,12,0.06,0.75,1,3,0
63,121583,MORTGAGE,2,PERSONAL,E,37575,15.15,0.31,Y,14,0.4,0.87,6,10,1
58,112607,MORTGAGE,5,VENTURE,A,26664,19.6,0.24,Y,15,0.33,0.39,5,0,0
60,128585,OWN,39,EDUCATION,B,31540,18.45,0.25,N,15,0.19,0.69,14,10,0
62,44161,OWN,8,HOMEIMPROVEMENT,C,40287,17.91,0.91,N,7,0.44,0.94,2,8,1
41,66947,MORTGAGE,20,HOMEIMPROVEMENT,D,43443,8.52,0.65,N,20,0.46,0.19,13,2,1
42,33780,RENT,0,PERSONAL,A,28790,21.2,0.85,N,14,0.38,0.47,5,7,1
50,79659,RENT,2,HOMEIMPROVEMENT,C,1778,21.93,0.02,Y,18,0.37,0.66,4,4,0
24,117419,RENT,2,PERSONAL,B,44001,18.77,0.37,N,5,0.1,0.45,8,7,0
52,22717,RENT,28,PERSONAL,B,21908,12.04,0.96,N,16,0.36,0.16,14,2,0
58,28577,OWN,6,PERSONAL,D,9666,17.8,0.34,N,17,0.37,0.13,11,2,0
42,97811,OWN,19,HOMEIMPROVEMENT,D,47804,16.82,0.49,N,19,0.54,0.65,3,9,1
36,96429,RENT,11,EDUCATION,B,23386,11.41,0.24,Y,2,0.1,0.59,6,2,0
60,136605,MORTGAGE,22,EDUCATION,B,30148,17.51,0.22,N,7,0.29,0.82,2,0,0
51,26408,MORTGAGE,19,HOMEIMPROVEMENT,C,2225,18.6,0.08,N,13,0.51,0.89,5,0,1
39,104029,OWN,6,HOMEIMPROVEMENT,B,39603,16.52,0.38,N,15,0.39,0.33,4,6,0
61,33686,MORTGAGE,35,HOMEIMPROVEMENT,B,31760,6.63,0.94,N,4,0.39,0.8,14,7,0
40,120566,OWN,21,VENTURE,D,13775,19.61,0.11,N,15,0.55,0.9,9,8,1
39,149974,RENT,7,PERSONAL,A,7406,9.31,0.05,Y,10,0.51,0.81,11,8,1
43,82613,OWN,3,HOMEIMPROVEMENT,B,47241,15.22,0.57,Y,3,0.12,0.26,2,7,1
46,128106,OWN,7,VENTURE,A,23439,15.51,0.18,N,20,0.07,0.46,14,0,0
62,108774,MORTGAGE,1,EDUCATION,D,31313,19.85,0.29,Y,19,0.12,0.93,11,10,1
45,66733,OWN,10,HOMEIMPROVEMENT,D,30492,10.76,0.46,N,14,0.46,0.14,4,11,1
26,96242,RENT,5,HOMEIMPROVEMENT,E,45486,14.66,0.47,Y,2,0.24,0.64,14,4,1
22,96514,OWN,1,VENTURE,E,38628,18.69,0.4,Y,3,0.33,0.69,2,5,1
38,20589,RENT,12,VENTURE,B,6063,11.51,0.29,N,17,0.52,0.7,11,11,0
52,69456,RENT,3,VENTURE,C,9043,19.73,0.13,N,4,0.46,0.6,9,0,0
56,63254,RENT,7,HOMEIMPROVEMENT,B,22181,21.07,0.35,Y,34,0.48,0.43,14,3,1
33,132234,MORTGAGE,0,VENTURE,C,43845,19.31,0.33,N,13,0.43,0.89,3,4,1
50,132970,MORTGAGE,8,PERSONAL,C,30075,16.13,0.23,Y,31,0.09,0.52,2,7,1
64,98860,OWN,23,VENTURE,B,41363,12.45,0.42,Y,16,0.46,0.47,4,4,1
40,117382,RENT,15,VENTURE,B,24104,6.31,0.21,N,1,0.07,0.91,9,2,0
43,91519,OWN,10,EDUCATION,E,27990,19.92,0.31,Y,22,0.2,0.18,6,1,1
54,118075,MORTGAGE,1,VENTURE,A,34902,20.85,0.3,Y,26,0.19,0.24,4,10,1
50,64786,RENT,30,MEDICAL,D,11889,10.24,0.18,N,27,0.43,0.78,1,5,0
27,111320,MORTGAGE,5,VENTURE,C,24216,6.85,0.22,Y,5,0.22,0.48,5,4,0
25,29039,OWN,6,EDUCATION,B,7441,9.83,0.26,N,3,0.59,0.36,5,3,0
47,128684,RENT,0,EDUCATION,B,30401,10.0,0.24,N,25,0.3,0.36,3,0,0
40,120680,OWN,16,EDUCATION,B,38146,10.12,0.32,N,4,0.46,0.28,2,4,0
55,70931,MORTGAGE,20,HOMEIMPROVEMENT,C,30038,10.14,0.42,Y,29,0.33,0.47,3,7,1
50,99443,RENT,5,MEDICAL,A,37635,18.3,0.38,Y,29,0.31,0.9,1,7,1
39,91431,MORTGAGE,20,PERSONAL,B,12344,16.54,0.14,N,16,0.52,0.31,9,11,1
53,76680,MORTGAGE,9,VENTURE,B,48615,8.11,0.63,Y,7,0.22,0.54,9,9,1
54,64499,OWN,14,MEDICAL,B,9800,18.49,0.15,Y,20,0.45,0.54,8,5,1
32,73079,MORTGAGE,4,EDUCATION,E,43135,10.99,0.59,N,11,0.31,0.94,11,3,1
24,132175,OWN,0,HOMEIMPROVEMENT,A,49714,17.26,0.38,N,1,0.56,0.38,11,10,1
43,104834,MORTGAGE,4,EDUCATION,C,33040,6.64,0.32,N,1,0.11,0.3,5,11,0
64,60958,RENT,21,VENTURE,B,31160,10.39,0.51,N,14,0.52,0.51,5,11,1
40,77851,MORTGAGE,15,HOMEIMPROVEMENT,C,47577,10.17,0.61,N,13,0.52,0.83,14,7,1
29,34683,OWN,1,HOMEIMPROVEMENT,B,14006,6.78,0.4,Y,4,0.47,0.6,5,6,1
43,124627,RENT,19,HOMEIMPROVEMENT,D,27883,15.74,0.22,Y,5,0.14,0.65,5,4,1
51,100360,OWN,25,VENTURE,A,43736,20.89,0.44,N,20,0.4,0.48,6,0,0
32,49283,MORTGAGE,11,MEDICAL,B,35625,11.1,0.72,N,7,0.33,0.52,14,11,0
34,56007,OWN,6,HOMEIMPROVEMENT,C,28278,21.21,0.5,N,2,0.57,0.7,14,6,1
34,94910,MORTGAGE,7,EDUCATION,A,36435,7.93,0.38,N,2,0.54,0.55,10,6,0
33,29745,RENT,9,VENTURE,A,16861,7.1,0.57,N,11,0.27,0.4,8,9,0
46,75309,MORTGAGE,6,PERSONAL,D,42628,9.35,0.57,N,7,0.28,0.16,12,5,0
64,142232,RENT,10,VENTURE,A,22953,19.15,0.16,Y,44,0.22,0.32,6,2,0
22,147006,RENT,2,EDUCATION,B,46066,15.01,0.31,N,2,0.13,0.59,8,7,0
33,131715,MORTGAGE,14,HOMEIMPROVEMENT,B,16233,9.39,0.12,N,9,0.53,0.72,6,0,0
33,115812,OWN,8,HOMEIMPROVEMENT,D,11060,21.75,0.1,N,4,0.06,0.89,12,8,1
26,110748,RENT,1,EDUCATION,B,34332,18.5,0.31,Y,2,0.41,0.79,6,4,1
54,73950,OWN,13,PERSONAL,D,22423,12.08,0.3,Y,20,0.06,0.61,10,1,1
35,146522,MORTGAGE,8,MEDICAL,B,47617,6.63,0.32,N,10,0.37,0.95,10,4,0
33,36375,MORTGAGE,7,HOMEIMPROVEMENT,A,33437,15.49,0.92,N,10,0.13,0.21,7,8,1
49,67176,OWN,9,EDUCATION,A,8939,15.11,0.13,N,24,0.28,0.11,13,6,0
54,95622,MORTGAGE,3,PERSONAL,C,27442,13.55,0.29,Y,16,0.42,0.87,5,11,1
62,73806,OWN,4,MEDICAL,B,11456,16.55,0.16,Y,37,0.36,0.19,14,2,0
36,136625,RENT,0,MEDICAL,B,14824,13.11,0.11,N,9,0.51,0.72,2,0,0
43,63739,OWN,13,PERSONAL,D,46389,21.61,0.73,N,3,0.55,0.95,9,7,1
53,128347,MORTGAGE,21,VENTURE,B,33210,13.29,0.26,N,19,0.26,0.24,5,3,0
55,127625,OWN,0,PERSONAL,B,6435,21.56,0.05,Y,12,0.09,0.39,2,6,1
62,122411,MORTGAGE,37,PERSONAL,A,26169,16.05,0.21,N,30,0.53,0.84,6,2,1
37,81821,MORTGAGE,13,EDUCATION,B,4688,15.09,0.06,Y,13,0.09,0.49,13,2,0
56,40102,MORTGAGE,4,MEDICAL,A,20479,6.51,0.51,Y,17,0.2,0.27,10,2,1
54,148479,MORTGAGE,34,MEDICAL,A,49223,9.5,0.33,Y,21,0.39,0.75,1,11,1
43,108177,RENT,12,HOMEIMPROVEMENT,A,19792,7.4,0.18,N,9,0.33,0.8,14,6,0
30,54964,MORTGAGE,3,PERSONAL,B,26227,13.59,0.48,N,2,0.38,0.6,12,1,0
54,85883,RENT,27,MEDICAL,E,44856,15.89,0.52,N,22,0.08,0.5,14,8,1
60,126749,OWN,8,VENTURE,A,44790,20.08,0.35,N,5,0.16,0.71,9,4,0
21,78065,MORTGAGE,1,VENTURE,A,17829,7.77,0.23,N,2,0.37,0.92,1,11,1
42,38722,MORTGAGE,20,VENTURE,A,18985,13.13,0.49,N,20,0.47,0.49,4,2,0
64,135336,MORTGAGE,39,VENTURE,A,47577,6.25,0.35,N,13,0.58,0.87,4,0,0
47,62103,OWN,24,PERSONAL,C,18715,12.26,0.3,N,18,0.15,0.51,4,7,0
40,101617,OWN,10,VENTURE,C,6717,12.92,0.07,N,18,0.16,0.26,1,6,0
46,21620,OWN,16,HOMEIMPROVEMENT,E,5766,8.25,0.27,N,14,0.24,0.26,14,10,0
52,32204,MORTGAGE,0,EDUCATION,B,1825,17.74,0.06,N,13,0.52,0.78,3,4,1
38,22011,MORTGAGE,2,MEDICAL,A,12246,7.15,0.56,N,11,0.22,0.68,5,7,0
39,131668,RENT,18,HOMEIMPROVEMENT,B,24864,18.15,0.19,Y,17,0.45,0.84,10,9,1
55,95969,RENT,22,HOMEIMPROVEMENT,D,12528,17.57,0.13,N,14,0.27,0.45,6,10,1
63,54493,OWN,14,VENTURE,D,46825,16.3,0.86,N,44,0.08,0.61,11,1,1
30,132482,MORTGAGE,3,MEDICAL,E,38375,6.89,0.29,N,11,0.09,0.89,4,6,1
60,122834,MORTGAGE,6,HOMEIMPROVEMENT,A,2073,6.69,0.02,N,27,0.19,0.69,13,8,0
49,72116,RENT,25,VENTURE,D,39650,11.21,0.55,Y,10,0.18,0.8,4,7,1
45,39369,OWN,25,HOMEIMPROVEMENT,B,32384,19.33,0.82,N,9,0.15,0.39,13,5,0
26,63021,MORTGAGE,3,MEDICAL,B,19261,8.06,0.31,N,7,0.16,0.48,3,0,0
49,32207,OWN,14,HOMEIMPROVEMENT,A,1204,17.15,0.04,N,21,0.11,0.39,8,9,0
38,133193,MORTGAGE,19,EDUCATION,A,20909,18.69,0.16,N,7,0.39,0.41,11,1,0
52,129632,RENT,7,VENTURE,B,24852,17.11,0.19,N,12,0.55,0.49,9,2,0
49,112769,OWN,1,HOMEIMPROVEMENT,A,32131,13.57,0.28,Y,28,0.31,0.15,10,7,1
54,149128,MORTGAGE,18,VENTURE,C,12201,17.75,0.08,N,21,0.56,0.74,8,6,1
48,45594,MORTGAGE,29,MEDICAL,A,37292,15.34,0.82,Y,6,0.29,0.91,5,7,1
64,113344,RENT,16,HOMEIMPROVEMENT,A,29399,21.92,0.26,N,11,0.27,0.66,9,3,0
34,31676,RENT,2,PERSONAL,A,18042,19.68,0.57,N,13,0.32,0.11,14,8,1
45,124592,OWN,12,VENTURE,A,45243,13.58,0.36,Y,10,0.48,0.52,4,5,1
44,48688,MORTGAGE,17,PERSONAL,B,31945,13.13,0.66,N,4,0.18,0.48,14,10,0
62,138530,OWN,26,PERSONAL,B,38634,14.96,0.28,N,17,0.22,0.11,14,0,0
46,70870,OWN,17,HOMEIMPROVEMENT,C,39191,13.7,0.55,N,18,0.57,0.55,10,4,0
25,148386,OWN,2,HOMEIMPROVEMENT,E,8424,11.13,0.06,N,6,0.18,0.28,1,8,0
26,89639,RENT,4,HOMEIMPROVEMENT,B,3994,11.83,0.04,Y,4,0.12,0.59,12,3,0
50,90780,RENT,17,HOMEIMPROVEMENT,C,41922,19.06,0.46,N,5,0.22,0.87,11,5,1
31,111280,MORTGAGE,11,VENTURE,A,9389,6.45,0.08,Y,4,0.31,0.33,13,6,1
23,78942,RENT,3,VENTURE,C,31143,18.53,0.39,Y,2,0.29,0.72,11,4,0
36,131690,OWN,13,MEDICAL,A,11561,20.83,0.09,Y,3,0.57,0.76,5,4,1
54,66175,OWN,24,VENTURE,C,46543,20.95,0.7,N,1,0.58,0.73,5,5,1
39,142225,RENT,7,MEDICAL,B,20225,19.26,0.14,N,7,0.05,0.14,4,8,0
37,129538,OWN,16,PERSONAL,A,5795,16.34,0.04,Y,4,0.53,0.31,2,7,1
58,81049,OWN,29,VENTURE,B,37027,9.62,0.46,N,32,0.5,0.83,9,6,1
61,48410,OWN,38,VENTURE,A,30354,6.06,0.63,Y,2,0.52,0.42,4,11,1
53,142207,RENT,5,EDUCATION,B,46800,14.41,0.33,Y,2,0.53,0.9,10,8,1
25,118142,MORTGAGE,4,EDUCATION,C,39757,20.61,0.34,N,5,0.45,0.74,3,0,0
43,110321,RENT,13,VENTURE,B,45498,21.15,0.41,N,10,0.33,0.56,3,6,1
57,134548,RENT,15,HOMEIMPROVEMENT,D,40309,6.7,0.3,N,7,0.54,0.65,4,7,1
32,142761,MORTGAGE,8,HOMEIMPROVEMENT,E,31936,17.47,0.22,Y,6,0.2,0.46,14,6,1
38,149457,RENT,15,HOMEIMPROVEMENT,C,38777,14.6,0.26,Y,4,0.43,0.63,7,5,1
55,136236,RENT,9,VENTURE,D,3100,17.01,0.02,Y,13,0.26,0.39,6,0,1
54,106649,RENT,25,MEDICAL,A,12136,12.64,0.11,N,26,0.36,0.26,5,6,0
54,59516,MORTGAGE,23,MEDICAL,D,18857,19.21,0.32,N,6,0.31,0.48,5,6,1
33,102172,RENT,5,HOMEIMPROVEMENT,D,32786,21.4,0.32,N,11,0.25,0.82,1,10,1
41,102604,RENT,20,EDUCATION,C,3919,17.54,0.04,N,15,0.08,0.86,11,4,0
60,23042,OWN,33,EDUCATION,D,7973,14.17,0.35,N,19,0.22,0.35,8,9,0
37,57918,OWN,1,EDUCATION,A,31847,14.94,0.55,Y,5,0.52,0.66,3,5,1
21,63290,MORTGAGE,2,MEDICAL,A,16115,8.32,0.25,N,1,0.38,0.72,10,0,0
53,38079,OWN,27,MEDICAL,C,9548,7.03,0.25,N,9,0.55,0.87,3,5,0
44,58392,MORTGAGE,5,VENTURE,A,35587,12.2,0.61,Y,11,0.29,0.67,7,8,1
32,49410,RENT,0,VENTURE,C,39665,16.04,0.8,N,6,0.18,0.32,5,10,1
58,50651,RENT,9,PERSONAL,A,17994,6.83,0.36,N,32,0.19,0.24,4,3,0
45,115980,OWN,22,HOMEIMPROVEMENT,A,47893,20.62,0.41,N,5,0.23,0.4,10,9,1
59,84928,MORTGAGE,39,HOMEIMPROVEMENT,A,16058,19.16,0.19,Y,20,0.56,0.68,8,0,1
37,61862,MORTGAGE,16,VENTURE,E,39006,11.55,0.63,Y,2,0.49,0.15,1,4,1
55,103312,RENT,28,EDUCATION,A,26350,11.09,0.26,N,23,0.33,0.91,10,4,0
42,36689,MORTGAGE,19,PERSONAL,C,31403,7.77,0.86,N,23,0.57,0.17,13,11,1
57,128707,MORTGAGE,18,VENTURE,B,11238,21.42,0.09,N,34,0.45,0.55,12,5,0
62,119644,MORTGAGE,21,MEDICAL,C,11584,20.11,0.1,N,6,0.36,0.11,8,6,0
28,104214,MORTGAGE,7,EDUCATION,C,48288,18.57,0.46,N,3,0.57,0.86,12,0,1
59,81050,MORTGAGE,9,PERSONAL,A,22230,20.32,0.27,N,37,0.38,0.25,10,7,0
24,80241,MORTGAGE,4,PERSONAL,B,33786,20.76,0.42,N,1,0.45,0.26,13,2,1
28,113878,RENT,5,EDUCATION,B,22395,10.27,0.2,N,8,0.47,0.39,9,4,0
36,48363,OWN,0,MEDICAL,E,10972,10.64,0.23,N,13,0.26,0.37,10,4,0
26,102298,RENT,1,EDUCATION,E,26622,9.42,0.26,Y,6,0.39,0.89,12,9,1
50,132340,MORTGAGE,30,MEDICAL,B,1956,19.54,0.01,Y,5,0.24,0.42,4,11,1
34,130240,RENT,6,MEDICAL,C,1663,15.89,0.01,N,8,0.26,0.51,3,3,0
55,31695,RENT,4,PERSONAL,D,10775,19.27,0.34,N,35,0.51,0.67,13,0,1
59,92402,MORTGAGE,25,VENTURE,A,21373,7.51,0.23,N,14,0.38,0.32,4,11,0
44,53313,OWN,20,HOMEIMPROVEMENT,B,14304,13.77,0.27,N,25,0.35,0.24,6,2,0
50,113280,OWN,26,VENTURE,E,46038,16.73,0.41,N,17,0.34,0.38,6,6,1
34,41661,OWN,1,VENTURE,A,7092,20.94,0.17,N,5,0.4,0.12,9,3,0
33,85938,MORTGAGE,13,MEDICAL,B,16761,8.81,0.2,N,4,0.21,0.76,13,11,0
59,56080,MORTGAGE,17,VENTURE,D,16802,7.51,0.3,N,40,0.06,0.94,7,5,0
30,139144,OWN,8,VENTURE,C,26991,7.08,0.19,Y,10,0.15,0.93,5,11,1
25,80998,OWN,2,EDUCATION,A,48160,12.19,0.59,N,3,0.51,0.19,14,3,0
58,119750,RENT,32,MEDICAL,A,12936,19.09,0.11,N,6,0.22,0.12,14,0,0
34,76240,MORTGAGE,2,MEDICAL,A,36685,16.27,0.48,Y,14,0.24,0.15,6,7,1
28,56561,MORTGAGE,3,PERSONAL,D,24122,20.01,0.43,N,7,0.52,0.75,9,5,1
31,138206,MORTGAGE,8,VENTURE,D,28518,9.98,0.21,N,2,0.34,0.38,5,3,0
54,139066,RENT,12,MEDICAL,B,24194,16.17,0.17,Y,22,0.12,0.17,3,5,0
23,127990,MORTGAGE,4,MEDICAL,A,8400,10.1,0.07,N,1,0.51,0.27,10,8,0
55,20684,MORTGAGE,12,EDUCATION,B,5233,13.29,0.25,N,8,0.21,0.64,8,6,0
44,97256,OWN,12,HOMEIMPROVEMENT,B,1897,10.15,0.02,N,21,0.12,0.29,11,0,0
25,130805,OWN,0,HOMEIMPROVEMENT,B,24831,18.84,0.19,Y,2,0.53,0.6,12,6,1
39,126665,OWN,15,HOMEIMPROVEMENT,E,22248,18.29,0.18,Y,5,0.27,0.55,5,0,1
30,134817,RENT,1,MEDICAL,A,36131,16.65,0.27,N,7,0.56,0.69,1,10,1
50,33918,RENT,23,PERSONAL,C,28446,19.48,0.84,Y,3,0.34,0.45,4,7,1
64,64143,OWN,24,MEDICAL,C,43725,20.58,0.68,N,3,0.33,0.43,10,3,0
21,78502,MORTGAGE,0,HOMEIMPROVEMENT,A,6470,13.86,0.08,N,1,0.44,0.11,12,11,1
31,96637,RENT,10,EDUCATION,B,10122,6.5,0.1,Y,2,0.23,0.68,12,6,1
49,133618,MORTGAGE,3,VENTURE,C,10695,10.64,0.08,N,28,0.31,0.38,5,6,0
62,126917,OWN,3,HOMEIMPROVEMENT,D,34972,11.31,0.28,N,41,0.47,0.89,10,10,1
64,145657,MORTGAGE,31,MEDICAL,E,27309,9.87,0.19,N,4,0.09,0.41,1,5,0
36,89123,RENT,7,EDUCATION,B,46153,19.87,0.52,N,15,0.32,0.2,10,9,1
39,64936,OWN,2,MEDICAL,A,6448,18.52,0.1,Y,14,0.11,0.69,12,0,0
47,92869,MORTGAGE,26,MEDICAL,A,32913,17.13,0.35,N,24,0.57,0.49,9,11,1
23,71877,RENT,2,MEDICAL,C,28869,9.6,0.4,N,2,0.2,0.26,10,10,0
44,59451,RENT,3,VENTURE,A,29647,8.35,0.5,N,17,0.19,0.86,9,1,0
56,64425,OWN,36,HOMEIMPROVEMENT,A,19888,15.1,0.31,Y,35,0.59,0.45,2,0,1
64,128575,MORTGAGE,38,VENTURE,A,9219,10.06,0.07,Y,43,0.14,0.46,7,5,0
46,71542,OWN,5,HOMEIMPROVEMENT,E,8222,12.78,0.11,N,13,0.51,0.11,7,9,1
52,128286,OWN,30,EDUCATION,B,38499,12.48,0.3,N,32,0.53,0.7,8,4,0
63,41542,RENT,16,EDUCATION,E,37435,15.04,0.9,N,22,0.52,0.61,5,9,1
47,145945,RENT,11,PERSONAL,A,7028,18.44,0.05,N,3,0.24,0.41,12,2,0
37,108016,MORTGAGE,13,MEDICAL,A,10111,17.33,0.09,N,5,0.19,0.68,4,1,0
57,44240,OWN,21,HOMEIMPROVEMENT,A,10228,6.46,0.23,Y,9,0.56,0.47,8,6,1
27,22985,OWN,2,PERSONAL,B,11817,20.58,0.51,Y,7,0.11,0.12,2,1,1
30,67135,OWN,10,EDUCATION,E,31881,18.49,0.47,Y,9,0.2,0.63,6,8,1
28,73413,MORTGAGE,5,VENTURE,A,16540,10.79,0.23,N,4,0.08,0.4,12,6,0
56,106984,MORTGAGE,15,VENTURE,B,29451,16.57,0.28,N,33,0.28,0.82,4,5,0
46,39810,RENT,7,PERSONAL,B,22811,18.66,0.57,Y,22,0.39,0.73,8,5,1
36,88619,RENT,16,EDUCATION,B,47479,16.64,0.54,N,3,0.56,0.3,12,2,1
64,67342,MORTGAGE,16,MEDICAL,B,18711,17.18,0.28,N,17,0.44,0.75,2,9,1
55,48357,MORTGAGE,32,MEDICAL,A,34556,20.41,0.71,Y,34,0.37,0.53,6,1,1
36,63169,RENT,1,HOMEIMPROVEMENT,E,6543,8.02,0.1,Y,9,0.39,0.79,4,6,1
21,61401,RENT,0,HOMEIMPROVEMENT,A,40269,8.43,0.66,N,2,0.37,0.26,8,9,1
21,108648,MORTGAGE,0,HOMEIMPROVEMENT,A,14266,16.58,0.13,N,2,0.24,0.52,6,1,0
37,136327,RENT,1,PERSONAL,C,26968,15.27,0.2,N,5,0.06,0.7,3,6,1
25,65805,RENT,6,HOMEIMPROVEMENT,D,33532,19.16,0.51,N,1,0.13,0.81,10,1,1
29,120167,RENT,3,PERSONAL,E,40852,13.03,0.34,Y,1,0.21,0.3,6,2,1
31,97395,RENT,9,PERSONAL,B,24580,17.53,0.25,N,1,0.17,0.32,13,11,0
46,31349,OWN,3,EDUCATION,A,12486,18.43,0.4,Y,6,0.53,0.23,7,5,1
50,36108,OWN,7,HOMEIMPROVEMENT,A,3853,20.75,0.11,N,12,0.06,0.35,8,10,0
60,28198,RENT,25,MEDICAL,B,17057,9.02,0.6,N,28,0.37,0.58,7,10,0
43,111649,OWN,23,HOMEIMPROVEMENT,C,20477,16.76,0.18,Y,5,0.09,0.37,7,2,0
62,72995,RENT,28,PERSONAL,C,46758,19.48,0.64,N,34,0.27,0.89,8,6,1
63,119805,OWN,26,EDUCATION,E,49976,9.48,0.42,N,22,0.56,0.93,10,2,1
61,32041,OWN,1,MEDICAL,C,4301,9.63,0.13,Y,31,0.43,0.18,11,3,1
63,68226,RENT,39,MEDICAL,B,27162,11.14,0.4,N,5,0.58,0.71,7,7,0
37,57661,OWN,10,PERSONAL,C,29258,6.22,0.51,N,1,0.24,0.47,12,7,0
43,65955,RENT,9,VENTURE,C,2982,19.45,0.05,N,15,0.38,0.83,3,0,0
51,132150,MORTGAGE,16,HOMEIMPROVEMENT,E,33112,7.58,0.25,N,14,0.11,0.29,3,10,0
32,131453,RENT,8,HOMEIMPROVEMENT,C,43240,13.19,0.33,N,8,0.39,0.7,6,3,0
33,40384,OWN,1,MEDICAL,B,11344,12.64,0.28,N,1,0.06,0.16,12,0,0
54,31173,MORTGAGE,25,PERSONAL,C,6329,16.07,0.2,N,9,0.39,0.63,11,5,0
52,33919,RENT,28,PERSONAL,D,30629,7.42,0.9,Y,16,0.53,0.94,10,8,1
52,87270,OWN,32,MEDICAL,B,19343,12.19,0.22,N,18,0.51,0.67,9,8,0
35,76088,MORTGAGE,3,PERSONAL,A,9906,12.08,0.13,Y,4,0.56,0.4,2,3,1
37,93537,OWN,7,EDUCATION,C,17457,20.98,0.19,N,16,0.52,0.89,4,7,1
44,37297,RENT,22,EDUCATION,D,20581,11.31,0.55,N,17,0.42,0.3,3,1,1
43,37165,MORTGAGE,7,MEDICAL,A,23515,11.44,0.63,N,22,0.47,0.56,9,4,0
35,132366,MORTGAGE,3,MEDICAL,B,34575,8.51,0.26,Y,12,0.55,0.23,10,11,1
38,99401,RENT,15,HOMEIMPROVEMENT,C,45755,20.66,0.46,N,18,0.16,0.86,13,3,1
25,58333,MORTGAGE,3,EDUCATION,A,18493,8.44,0.32,N,1,0.23,0.66,2,5,0
22,41730,OWN,1,HOMEIMPROVEMENT,D,21011,15.2,0.5,N,2,0.2,0.31,1,0,1
46,109834,MORTGAGE,7,PERSONAL,E,16015,18.68,0.15,N,5,0.47,0.16,7,6,1
39,67221,MORTGAGE,14,HOMEIMPROVEMENT,B,4453,21.36,0.07,Y,8,0.59,0.45,1,0,1
38,31929,RENT,12,PERSONAL,E,4897,15.68,0.15,N,3,0.53,0.73,12,10,1
46,56035,OWN,17,EDUCATION,C,38174,8.59,0.68,Y,22,0.32,0.94,5,3,1
46,20692,MORTGAGE,6,HOMEIMPROVEMENT,D,7396,7.99,0.36,N,26,0.59,0.38,6,5,0
57,28512,OWN,14,EDUCATION,A,20615,8.67,0.72,Y,18,0.46,0.56,5,1,1
22,127850,MORTGAGE,0,MEDICAL,C,8848,20.41,0.07,N,2,0.51,0.74,1,5,1
53,149553,MORTGAGE,6,VENTURE,C,24488,9.71,0.16,Y,1,0.12,0.54,2,10,1
48,62325,MORTGAGE,23,EDUCATION,C,20514,15.95,0.33,N,12,0.14,0.34,12,8,0
40,137353,RENT,1,HOMEIMPROVEMENT,A,3563,6.88,0.03,N,4,0.11,0.79,10,5,0
46,24378,OWN,7,VENTURE,D,14778,10.43,0.61,N,1,0.3,0.5,3,7,1
61,21988,OWN,17,HOMEIMPROVEMENT,C,12737,15.31,0.58,N,27,0.34,0.16,3,9,1
48,107893,OWN,17,EDUCATION,B,9981,20.26,0.09,N,19,0.3,0.94,11,1,0
38,98572,RENT,3,VENTURE,B,1048,8.85,0.01,Y,9,0.37,0.42,10,6,1
38,148639,MORTGAGE,2,VENTURE,B,4333,9.7,0.03,N,5,0.37,0.39,12,10,0
31,113070,OWN,7,VENTURE,B,33293,12.59,0.29,N,1,0.52,0.73,2,4,0
46,128103,MORTGAGE,4,HOMEIMPROVEMENT,A,31461,16.67,0.25,N,16,0.07,0.61,4,7,0
26,119245,RENT,3,PERSONAL,C,5837,16.45,0.05,Y,4,0.54,0.79,11,3,1
43,28463,OWN,24,VENTURE,A,27534,17.14,0.97,Y,9,0.39,0.26,11,8,1
47,96637,RENT,18,EDUCATION,B,28425,12.12,0.29,N,23,0.42,0.87,12,3,0
57,38745,MORTGAGE,20,MEDICAL,A,29228,16.47,0.75,N,26,0.16,0.39,3,8,1
42,126995,MORTGAGE,16,HOMEIMPROVEMENT,B,41262,21.78,0.32,N,4,0.24,0.7,3,11,0
52,122955,MORTGAGE,15,MEDICAL,D,27093,20.91,0.22,Y,14,0.2,0.25,2,8,1
45,143619,OWN,25,EDUCATION,D,20643,12.36,0.14,Y,1,0.22,0.76,1,7,1
31,90871,OWN,5,VENTURE,A,47015,13.91,0.52,Y,10,0.32,0.11,10,2,1
29,97701,MORTGAGE,10,VENTURE,C,26301,14.76,0.27,Y,4,0.42,0.15,8,9,1
36,97603,OWN,12,MEDICAL,B,42508,6.91,0.44,Y,9,0.51,0.11,12,5,1
58,148333,RENT,18,PERSONAL,C,5893,13.85,0.04,Y,31,0.27,0.43,10,6,1
31,87657,MORTGAGE,8,PERSONAL,C,46156,11.77,0.53,N,5,0.26,0.17,8,7,0
35,35231,MORTGAGE,11,HOMEIMPROVEMENT,B,32676,7.35,0.93,Y,4,0.06,0.13,3,4,1
40,118239,RENT,7,EDUCATION,B,45041,8.84,0.38,Y,5,0.11,0.9,1,2,1
24,126794,RENT,4,PERSONAL,E,13329,6.06,0.11,Y,4,0.15,0.85,14,9,1
60,43065,OWN,15,MEDICAL,D,16323,18.31,0.38,N,10,0.33,0.11,11,6,1
22,137971,RENT,3,EDUCATION,B,2663,15.94,0.02,N,1,0.46,0.1,13,6,1
42,115377,OWN,15,VENTURE,D,17301,7.27,0.15,Y,18,0.41,0.84,2,11,1
29,71259,RENT,0,HOMEIMPROVEMENT,B,23322,15.63,0.33,N,5,0.21,0.77,13,9,1
61,62351,OWN,18,HOMEIMPROVEMENT,A,29783,19.68,0.48,Y,28,0.4,0.41,10,2,1
32,78255,RENT,0,VENTURE,A,8148,19.4,0.1,Y,13,0.24,0.21,12,0,1
34,77619,MORTGAGE,11,EDUCATION,E,9204,21.4,0.12,Y,10,0.21,0.35,3,0,1
38,84005,MORTGAGE,1,PERSONAL,C,2607,6.55,0.03,N,19,0.39,0.18,1,11,0
61,131543,MORTGAGE,2,EDUCATION,A,44642,8.07,0.34,Y,9,0.07,0.82,10,8,1
38,132573,MORTGAGE,4,MEDICAL,A,41600,10.44,0.31,N,14,0.07,0.19,9,7,0
25,99464,MORTGAGE,1,VENTURE,C,12157,14.29,0.12,N,4,0.3,0.81,7,1,0
41,104861,RENT,21,HOMEIMPROVEMENT,A,1271,21.91,0.01,Y,20,0.54,0.59,9,0,1
39,115040,MORTGAGE,6,VENTURE,E,40104,8.87,0.35,N,12,0.07,0.59,1,1,0
52,141136,OWN,6,PERSONAL,D,25941,10.92,0.18,N,28,0.56,0.31,7,1,0
25,62913,OWN,1,HOMEIMPROVEMENT,C,40256,6.93,0.64,N,3,0.46,0.63,9,6,1
25,107593,RENT,4,MEDICAL,A,42439,19.4,0.39,Y,3,0.42,0.17,13,10,1
24,42010,RENT,3,PERSONAL,C,23387,6.73,0.56,N,3,0.56,0.42,2,0,0
52,94777,MORTGAGE,5,HOMEIMPROVEMENT,C,10896,8.39,0.11,Y,33,0.35,0.83,3,11,1
49,71214,RENT,12,HOMEIMPROVEMENT,E,49984,21.79,0.7,N,24,0.27,0.35,11,2,1
44,44281,RENT,14,HOMEIMPROVEMENT,E,5841,20.43,0.13,Y,7,0.4,0.79,5,8,1
22,74327,RENT,2,VENTURE,E,42476,21.93,0.57,N,1,0.08,0.23,7,8,1
54,56731,OWN,14,EDUCATION,B,39665,11.92,0.7,N,29,0.57,0.41,12,8,1
52,92617,OWN,13,VENTURE,C,22113,11.67,0.24,N,9,0.17,0.36,7,6,0
49,30348,RENT,4,MEDICAL,E,20416,16.65,0.67,N,27,0.36,0.48,12,0,1
48,78704,RENT,9,PERSONAL,A,9382,6.84,0.12,N,15,0.13,0.84,14,2,0
44,88835,RENT,2,PERSONAL,A,5803,17.28,0.07,Y,5,0.31,0.53,14,2,0
61,33493,RENT,30,PERSONAL,B,2619,16.51,0.08,N,36,0.06,0.34,10,5,0
27,119290,RENT,8,PERSONAL,C,25142,9.92,0.21,N,3,0.35,0.92,12,7,0
45,103276,MORTGAGE,22,PERSONAL,D,27708,15.3,0.27,N,5,0.58,0.86,5,11,1
40,87847,OWN,13,EDUCATION,A,44038,16.11,0.5,N,16,0.37,0.68,10,5,0
61,102249,RENT,3,PERSONAL,D,11082,19.67,0.11,Y,11,0.57,0.19,1,2,1
56,60078,OWN,36,EDUCATION,A,39585,9.07,0.66,N,9,0.33,0.44,14,9,0
61,125852,OWN,7,VENTURE,D,22814,17.64,0.18,N,16,0.22,0.58,9,7,1
30,44918,OWN,3,HOMEIMPROVEMENT,A,42136,21.46,0.94,N,10,0.36,0.54,13,7,1
53,64308,OWN,15,PERSONAL,D,22326,16.7,0.35,N,5,0.53,0.78,12,3,1
28,80587,OWN,9,MEDICAL,A,39247,12.98,0.49,N,3,0.21,0.27,4,1,0
59,30782,RENT,18,VENTURE,C,22651,8.88,0.74,N,27,0.1,0.21,1,6,0
57,57383,RENT,33,HOMEIMPROVEMENT,D,23763,16.08,0.41,N,5,0.59,0.92,1,2,1
53,34746,OWN,3,MEDICAL,B,20285,15.18,0.58,N,32,0.45,0.66,7,0,1
43,144591,RENT,22,HOMEIMPROVEMENT,A,7511,10.35,0.05,N,2,0.15,0.39,9,3,0
44,134630,OWN,1,PERSONAL,B,33175,14.37,0.25,N,15,0.45,0.27,7,5,0
59,51275,OWN,37,MEDICAL,B,12985,19.67,0.25,N,27,0.46,0.72,14,8,1
34,65802,RENT,4,PERSONAL,E,35622,20.21,0.54,N,6,0.31,0.13,13,11,1
41,80892,MORTGAGE,5,HOMEIMPROVEMENT,C,27532,8.75,0.34,N,1,0.19,0.83,12,10,0
41,73394,RENT,15,EDUCATION,A,37220,20.02,0.51,N,18,0.54,0.79,4,10,1
34,64621,OWN,0,EDUCATION,B,48431,18.14,0.75,N,13,0.22,0.37,6,5,1
52,69831,OWN,1,PERSONAL,A,41910,20.9,0.6,N,17,0.4,0.6,3,3,1
57,147949,MORTGAGE,24,MEDICAL,B,12357,12.64,0.08,N,21,0.28,0.79,5,1,0
25,30295,OWN,6,PERSONAL,E,17803,20.69,0.59,N,6,0.5,0.89,13,8,1
38,46589,OWN,17,MEDICAL,D,18773,21.6,0.4,Y,6,0.21,0.69,1,11,1
62,68888,RENT,28,MEDICAL,C,42432,18.71,0.62,N,3,0.2,0.83,10,10,1
56,106388,RENT,2,PERSONAL,C,28617,7.68,0.27,Y,23,0.41,0.91,9,11,1
57,128944,OWN,22,VENTURE,A,40129,15.03,0.31,N,27,0.51,0.67,7,4,0
43,143323,OWN,22,VENTURE,B,46518,18.59,0.32,N,13,0.1,0.8,14,0,0
27,69047,OWN,5,HOMEIMPROVEMENT,D,32212,11.39,0.47,N,6,0.2,0.28,5,6,1
22,30769,MORTGAGE,0,VENTURE,E,8260,20.71,0.27,N,1,0.24,0.26,7,7,1
39,35151,OWN,15,VENTURE,D,2154,19.7,0.06,N,1,0.4,0.17,8,3,0
31,68225,OWN,1,MEDICAL,E,18478,9.37,0.27,Y,2,0.31,0.15,8,9,1
36,123167,MORTGAGE,6,MEDICAL,C,19836,6.8,0.16,N,3,0.21,0.69,1,6,0
32,121457,RENT,0,EDUCATION,C,23322,6.02,0.19,N,2,0.37,0.76,13,8,0
56,119097,MORTGAGE,26,EDUCATION,A,35884,19.23,0.3,N,10,0.24,0.29,7,9,0
40,43097,OWN,15,VENTURE,B,28608,18.89,0.66,Y,13,0.2,0.66,12,3,1
55,78150,RENT,14,MEDICAL,B,22556,18.99,0.29,N,28,0.46,0.25,6,1,0
22,21919,RENT,3,VENTURE,D,10617,8.97,0.48,N,2,0.41,0.47,5,9,1
63,58744,OWN,34,PERSONAL,B,21454,17.73,0.37,N,32,0.36,0.73,5,6,0
24,66851,MORTGAGE,0,VENTURE,B,44108,15.84,0.66,N,4,0.15,0.66,6,6,1
43,119804,MORTGAGE,17,HOMEIMPROVEMENT,A,37062,19.79,0.31,N,7,0.3,0.54,7,0,0
41,127211,OWN,10,PERSONAL,B,29161,14.96,0.23,N,2,0.2,0.28,4,6,0
53,67177,MORTGAGE,17,MEDICAL,C,15242,20.03,0.23,N,3,0.49,0.49,14,5,0
42,126948,MORTGAGE,2,VENTURE,E,48553,8.01,0.38,N,19,0.56,0.46,12,2,0
43,148295,OWN,1,MEDICAL,A,49894,20.25,0.34,N,22,0.59,0.78,11,3,1
50,64345,RENT,22,PERSONAL,B,27193,6.28,0.42,N,11,0.25,0.31,6,0,0
61,40724,OWN,16,VENTURE,C,36575,6.02,0.9,Y,30,0.36,0.41,11,8,1
55,117955,OWN,0,PERSONAL,B,6965,18.42,0.06,N,24,0.12,0.67,4,8,1
55,148180,MORTGAGE,20,PERSONAL,B,14769,18.54,0.1,Y,4,0.2,0.66,11,3,0
49,105842,OWN,5,MEDICAL,B,18376,21.47,0.17,N,19,0.29,0.36,6,7,0
32,94822,OWN,13,VENTURE,B,30742,21.19,0.32,Y,5,0.09,0.58,13,6,1
47,68291,OWN,10,EDUCATION,A,38201,20.07,0.56,N,3,0.35,0.32,1,8,1
28,72021,OWN,4,VENTURE,A,2242,6.22,0.03,N,2,0.34,0.79,1,0,0
39,29884,OWN,1,EDUCATION,D,3723,8.74,0.12,Y,15,0.43,0.77,6,1,1
62,28656,OWN,21,PERSONAL,E,1065,17.7,0.04,N,19,0.14,0.55,2,6,1
48,21263,MORTGAGE,25,MEDICAL,C,11934,20.81,0.56,Y,20,0.42,0.94,8,4,1
51,65647,MORTGAGE,5,PERSONAL,D,1731,21.57,0.03,N,10,0.29,0.94,9,6,1
32,111663,MORTGAGE,4,EDUCATION,B,13213,19.18,0.12,N,4,0.32,0.51,6,7,0
62,115044,MORTGAGE,29,HOMEIMPROVEMENT,A,22142,9.3,0.19,Y,26,0.12,0.63,7,3,0
53,41602,MORTGAGE,19,EDUCATION,A,2537,7.71,0.06,N,19,0.52,0.79,4,11,0
41,76397,MORTGAGE,8,VENTURE,A,39765,10.02,0.52,Y,13,0.38,0.29,1,7,1
21,140270,OWN,2,MEDICAL,A,3565,18.57,0.03,N,2,0.59,0.42,10,3,0
37,69104,OWN,7,EDUCATION,E,23998,16.68,0.35,N,4,0.37,0.55,11,7,1
55,66922,MORTGAGE,33,HOMEIMPROVEMENT,E,4791,9.8,0.07,N,15,0.31,0.76,9,8,0
28,59492,MORTGAGE,2,VENTURE,D,43864,14.73,0.74,N,7,0.19,0.6,12,10,1
21,54488,RENT,1,MEDICAL,A,47009,16.86,0.86,N,1,0.12,0.9,14,2,1
22,51616,OWN,3,HOMEIMPROVEMENT,B,48357,20.36,0.94,N,1,0.54,0.26,9,2,1
44,67316,OWN,23,HOMEIMPROVEMENT,D,22737,18.14,0.34,Y,9,0.24,0.26,2,11,1
30,76782,OWN,7,VENTURE,A,26551,18.25,0.35,N,3,0.21,0.34,10,1,0
43,120552,OWN,16,PERSONAL,C,11748,18.97,0.1,N,19,0.42,0.58,10,9,1
54,136526,OWN,16,VENTURE,C,12301,8.95,0.09,N,33,0.57,0.64,4,4,0
32,133793,OWN,10,VENTURE,E,18563,14.3,0.14,N,1,0.26,0.15,8,3,0
22,29963,RENT,3,MEDICAL,B,25594,14.32,0.85,N,2,0.58,0.22,5,9,1
28,33275,RENT,9,MEDICAL,A,31480,13.42,0.95,N,6,0.51,0.49,10,6,1
24,35589,RENT,5,MEDICAL,A,34168,7.41,0.96,Y,3,0.56,0.42,10,11,1
37,111074,RENT,18,EDUCATION,B,21224,15.03,0.19,Y,4,0.15,0.7,5,5,0
39,25062,OWN,5,PERSONAL,D,8244,19.73,0.33,N,9,0.55,0.89,13,9,1
36,66622,MORTGAGE,9,PERSONAL,B,33274,17.36,0.5,N,5,0.55,0.95,11,10,1
36,75745,RENT,1,PERSONAL,C,6366,12.28,0.08,N,10,0.31,0.71,14,0,0
35,134749,RENT,13,VENTURE,C,34922,21.52,0.26,N,11,0.47,0.94,6,2,1
41,99852,MORTGAGE,14,PERSONAL,A,23505,10.07,0.24,N,6,0.24,0.19,7,10,0
63,86017,RENT,8,HOMEIMPROVEMENT,B,33921,13.59,0.39,Y,9,0.09,0.72,9,10,1
37,87309,RENT,6,HOMEIMPROVEMENT,C,44023,14.05,0.5,Y,4,0.33,0.14,5,5,1
30,131730,RENT,8,PERSONAL,C,6113,9.16,0.05,N,10,0.47,0.52,6,10,0
23,139547,OWN,1,VENTURE,B,18709,6.28,0.13,N,4,0.29,0.51,1,5,0
55,31240,MORTGAGE,4,HOMEIMPROVEMENT,D,5005,18.87,0.16,Y,21,0.56,0.28,6,10,1
55,143394,MORTGAGE,15,HOMEIMPROVEMENT,D,22188,19.83,0.15,Y,10,0.26,0.16,13,2,1
52,44240,OWN,31,PERSONAL,B,17628,9.55,0.4,N,21,0.57,0.94,14,8,1
40,81030,RENT,6,HOMEIMPROVEMENT,C,34804,9.6,0.43,N,21,0.36,0.55,10,0,0
24,118099,OWN,5,VENTURE,B,35268,21.68,0.3,N,1,0.2,0.95,7,11,1
59,105464,OWN,23,HOMEIMPROVEMENT,A,17455,14.7,0.17,Y,37,0.09,0.8,8,11,1
52,90320,OWN,13,VENTURE,D,10472,8.17,0.12,N,8,0.51,0.36,3,6,1
53,47606,MORTGAGE,24,MEDICAL,A,29151,13.33,0.61,N,22,0.13,0.86,13,8,1
22,93598,RENT,0,EDUCATION,C,42274,20.98,0.45,N,1,0.54,0.91,1,8,1
55,33894,RENT,24,HOMEIMPROVEMENT,A,25512,8.94,0.75,Y,4,0.43,0.39,6,7,1
48,123302,RENT,2,MEDICAL,B,35742,20.5,0.29,N,24,0.59,0.42,10,8,1
57,52371,MORTGAGE,34,EDUCATION,A,32238,14.41,0.62,N,22,0.51,0.72,6,4,0
46,121332,MORTGAGE,27,PERSONAL,B,30373,14.3,0.25,N,2,0.14,0.73,3,4,0
28,80820,MORTGAGE,4,HOMEIMPROVEMENT,B,35553,9.56,0.44,Y,3,0.46,0.44,13,5,1
48,110253,RENT,16,PERSONAL,C,36607,6.28,0.33,N,2,0.26,0.85,6,7,0
33,63856,MORTGAGE,8,EDUCATION,E,21519,11.94,0.34,N,11,0.34,0.5,9,11,0
21,39396,MORTGAGE,0,PERSONAL,A,18952,15.66,0.48,Y,2,0.59,0.5,4,7,1
54,92805,OWN,21,HOMEIMPROVEMENT,E,19756,9.48,0.21,N,16,0.25,0.34,7,6,0
50,90390,RENT,9,EDUCATION,D,44088,21.19,0.49,N,4,0.3,0.82,1,11,1
62,74786,MORTGAGE,8,MEDICAL,B,3123,16.55,0.04,N,33,0.29,0.36,9,6,0
34,44660,MORTGAGE,13,EDUCATION,C,41660,7.27,0.93,N,1,0.48,0.21,4,7,1
38,79095,OWN,13,EDUCATION,C,22153,20.68,0.28,N,12,0.13,0.82,13,3,0
59,141945,RENT,37,HOMEIMPROVEMENT,C,26494,12.71,0.19,N,9,0.37,0.32,1,7,0
29,95060,OWN,8,VENTURE,A,40224,6.07,0.42,N,9,0.11,0.45,10,10,0
26,58516,RENT,5,MEDICAL,A,2476,13.86,0.04,N,5,0.57,0.8,11,10,0
62,129021,MORTGAGE,30,HOMEIMPROVEMENT,C,13450,15.24,0.1,Y,31,0.21,0.5,2,10,1
56,66146,RENT,0,EDUCATION,A,48985,19.82,0.74,N,33,0.1,0.72,7,11,1
29,68702,MORTGAGE,9,VENTURE,D,47217,12.51,0.69,N,6,0.35,0.2,8,8,1
41,67299,RENT,17,VENTURE,A,37768,18.35,0.56,Y,6,0.54,0.12,8,10,1
48,47959,OWN,2,HOMEIMPROVEMENT,D,28105,20.97,0.59,N,13,0.29,0.51,10,10,1
42,43669,MORTGAGE,20,EDUCATION,C,24253,15.5,0.56,N,9,0.41,0.25,9,9,1
39,145542,RENT,17,PERSONAL,B,11338,9.62,0.08,N,11,0.59,0.67,8,1,0
48,101972,MORTGAGE,29,HOMEIMPROVEMENT,D,24963,13.85,0.24,N,22,0.5,0.34,13,5,0
63,96452,MORTGAGE,1,PERSONAL,A,34001,12.57,0.35,Y,13,0.41,0.85,7,9,1
31,138682,MORTGAGE,12,VENTURE,D,46197,8.76,0.33,N,12,0.3,0.4,13,1,0
52,90624,RENT,12,VENTURE,B,8066,9.51,0.09,Y,13,0.16,0.2,7,1,0
36,92267,RENT,4,PERSONAL,B,20177,11.91,0.22,Y,17,0.27,0.15,3,9,1
37,132111,MORTGAGE,2,HOMEIMPROVEMENT,C,17632,9.71,0.13,N,15,0.4,0.54,14,9,0
56,138005,RENT,8,EDUCATION,A,20605,20.63,0.15,Y,9,0.09,0.34,10,10,1
42,63481,MORTGAGE,9,MEDICAL,A,45839,7.57,0.72,N,1,0.57,0.72,14,1,0
57,53043,MORTGAGE,23,EDUCATION,E,8331,13.63,0.16,N,34,0.55,0.56,2,11,1
45,98062,OWN,22,VENTURE,A,14397,11.51,0.15,N,11,0.35,0.82,9,10,0
37,115257,MORTGAGE,3,VENTURE,D,14568,7.35,0.13,N,3,0.15,0.28,8,5,0
30,31526,RENT,4,EDUCATION,D,11207,16.75,0.36,Y,8,0.19,0.51,3,6,1
38,61792,MORTGAGE,18,HOMEIMPROVEMENT,A,45476,11.99,0.74,Y,5,0.22,0.25,2,4,1
33,117540,RENT,13,MEDICAL,C,25064,18.09,0.21,N,14,0.05,0.47,8,8,0
21,66526,OWN,1,MEDICAL,E,36634,21.51,0.55,N,1,0.07,0.14,10,2,1
33,63876,OWN,3,HOMEIMPROVEMENT,A,9128,6.14,0.14,N,2,0.06,0.34,1,6,0
58,72648,MORTGAGE,7,HOMEIMPROVEMENT,C,33981,17.99,0.47,N,17,0.11,0.59,6,5,0
55,45851,MORTGAGE,25,HOMEIMPROVEMENT,D,11685,15.11,0.25,N,11,0.3,0.88,7,6,1
52,93820,OWN,6,EDUCATION,C,18665,20.47,0.2,N,28,0.52,0.51,13,9,1
57,78535,OWN,34,VENTURE,A,43462,10.28,0.55,N,25,0.48,0.83,14,10,1
30,22219,OWN,1,VENTURE,A,19444,16.95,0.88,N,4,0.19,0.68,1,8,1
27,31066,MORTGAGE,2,EDUCATION,B,8008,19.95,0.26,N,7,0.09,0.67,13,3,0
30,21524,MORTGAGE,6,PERSONAL,A,17634,6.81,0.82,Y,4,0.27,0.89,3,9,1
27,58179,OWN,3,VENTURE,C,43782,16.65,0.75,Y,2,0.57,0.16,9,6,1
34,83123,OWN,8,HOMEIMPROVEMENT,A,19409,21.12,0.23,N,12,0.44,0.16,8,4,0
34,27207,OWN,0,MEDICAL,A,23203,13.94,0.85,Y,10,0.52,0.25,1,4,1
44,69876,OWN,15,HOMEIMPROVEMENT,A,34479,10.56,0.49,Y,2,0.43,0.68,7,7,1
55,34056,OWN,28,HOMEIMPROVEMENT,D,27035,19.75,0.79,N,21,0.58,0.21,1,7,1
47,72268,RENT,28,VENTURE,A,27998,6.71,0.39,N,28,0.5,0.75,14,1,0
32,38287,RENT,12,EDUCATION,C,35998,14.79,0.94,N,1,0.26,0.24,4,1,0
55,123535,RENT,29,VENTURE,B,19467,8.3,0.16,N,25,0.33,0.54,5,2,0
29,98950,MORTGAGE,9,EDUCATION,C,33568,8.77,0.34,N,5,0.47,0.89,9,6,1
54,95430,OWN,6,PERSONAL,C,42833,14.91,0.45,N,35,0.52,0.9,13,11,1
63,102214,MORTGAGE,16,EDUCATION,A,47158,18.37,0.46,N,30,0.48,0.49,3,6,1
54,98183,OWN,0,MEDICAL,E,5959,19.9,0.06,N,5,0.12,0.83,7,6,1
23,116646,MORTGAGE,2,VENTURE,B,25519,17.1,0.22,N,4,0.49,0.63,4,6,1
21,121343,OWN,1,PERSONAL,C,9291,10.28,0.08,Y,1,0.54,0.3,10,7,1
40,43377,MORTGAGE,17,HOMEIMPROVEMENT,C,5033,16.64,0.12,N,1,0.3,0.41,3,11,0
55,70993,MORTGAGE,24,EDUCATION,A,11647,20.61,0.16,N,7,0.33,0.78,1,7,0
23,48831,OWN,2,MEDICAL,D,8287,17.97,0.17,N,1,0.38,0.59,2,10,1
59,69116,OWN,23,MEDICAL,B,27325,10.82,0.4,Y,24,0.09,0.85,10,10,1
36,139235,MORTGAGE,4,MEDICAL,A,22389,10.69,0.16,Y,16,0.1,0.64,1,6,1
39,78001,MORTGAGE,19,MEDICAL,B,17960,18.81,0.23,Y,15,0.58,0.72,12,11,1
31,97513,MORTGAGE,10,VENTURE,D,42018,21.31,0.43,N,7,0.46,0.82,2,2,1
27,136973,OWN,6,MEDICAL,A,32253,6.67,0.24,Y,2,0.48,0.49,2,9,1
44,106655,RENT,17,PERSONAL,A,39164,13.81,0.37,Y,24,0.53,0.2,4,11,1
37,82532,OWN,12,VENTURE,A,21104,15.99,0.26,N,4,0.09,0.33,9,1,0
62,51629,OWN,11,HOMEIMPROVEMENT,A,23958,10.54,0.46,N,32,0.36,0.73,3,0,0
30,121739,MORTGAGE,4,MEDICAL,B,48574,16.02,0.4,N,1,0.52,0.89,1,11,1
28,66214,OWN,2,MEDICAL,D,21880,10.93,0.33,N,3,0.4,0.31,14,5,0
33,22988,OWN,7,VENTURE,B,16658,8.96,0.72,N,10,0.54,0.68,9,4,0
49,148041,MORTGAGE,27,MEDICAL,A,11618,11.4,0.08,N,18,0.48,0.68,6,4,0
46,78755,MORTGAGE,16,PERSONAL,A,9334,8.46,0.12,Y,20,0.44,0.66,2,1,1
46,66728,MORTGAGE,9,VENTURE,C,1690,21.35,0.03,Y,18,0.25,0.62,1,1,0
36,90721,RENT,7,HOMEIMPROVEMENT,D,6776,14.01,0.07,N,10,0.18,0.51,2,1,0
44,134225,OWN,16,PERSONAL,C,16282,15.26,0.12,N,4,0.07,0.44,4,1,0
55,52635,OWN,36,MEDICAL,A,19711,11.29,0.37,N,31,0.58,0.83,13,4,0
61,100219,MORTGAGE,24,HOMEIMPROVEMENT,B,31953,8.87,0.32,N,33,0.36,0.83,14,0,0
36,108728,RENT,4,PERSONAL,B,42287,19.64,0.39,N,14,0.13,0.19,3,1,0
29,137275,RENT,2,PERSONAL,B,48078,13.63,0.35,N,1,0.54,0.47,3,8,0
52,95199,RENT,20,MEDICAL,A,38030,9.13,0.4,N,8,0.27,0.43,9,0,0
35,89619,MORTGAGE,9,VENTURE,E,9749,15.23,0.11,N,14,0.28,0.56,11,8,1
63,69492,MORTGAGE,23,PERSONAL,D,49920,19.89,0.72,N,43,0.09,0.95,8,11,1
57,92666,RENT,29,HOMEIMPROVEMENT,E,36954,10.15,0.4,N,3,0.55,0.54,13,0,0
36,53487,OWN,10,MEDICAL,D,21963,14.77,0.41,Y,4,0.52,0.12,11,7,1
62,43248,RENT,8,VENTURE,E,30061,18.8,0.7,N,39,0.2,0.41,6,4,1
22,37182,OWN,3,HOMEIMPROVEMENT,A,27909,19.85,0.75,N,3,0.27,0.28,8,9,1
32,62944,RENT,5,EDUCATION,A,9427,14.98,0.15,N,11,0.27,0.21,7,4,0
53,127543,MORTGAGE,26,VENTURE,C,8088,17.31,0.06,N,23,0.55,0.69,8,0,0
54,110504,RENT,11,HOMEIMPROVEMENT,A,23785,14.98,0.22,N,5,0.48,0.21,11,3,0
28,124332,RENT,2,MEDICAL,A,7336,9.06,0.06,Y,9,0.11,0.67,2,8,1
21,73076,OWN,2,EDUCATION,B,4312,10.01,0.06,N,2,0.57,0.94,7,11,1
39,123965,MORTGAGE,13,EDUCATION,B,23010,12.76,0.19,Y,8,0.46,0.88,7,5,1
63,66612,OWN,14,HOMEIMPROVEMENT,C,19799,8.09,0.3,N,21,0.22,0.58,7,4,0
24,56727,RENT,5,EDUCATION,B,44543,16.82,0.79,Y,2,0.38,0.12,3,0,1
56,107410,MORTGAGE,25,MEDICAL,B,25063,20.65,0.23,N,35,0.57,0.44,8,5,0
22,68544,RENT,3,VENTURE,E,1189,19.33,0.02,N,3,0.41,0.2,6,11,1
21,52467,MORTGAGE,2,HOMEIMPROVEMENT,E,8754,19.28,0.17,N,2,0.29,0.55,10,2,0
47,56775,OWN,17,MEDICAL,A,21373,19.69,0.38,N,9,0.27,0.72,5,10,0
63,63066,OWN,31,EDUCATION,B,11400,17.5,0.18,N,41,0.46,0.88,14,1,1
57,105879,OWN,23,VENTURE,E,27469,18.52,0.26,N,15,0.43,0.23,1,1,1
29,44363,OWN,6,EDUCATION,C,40300,20.39,0.91,N,10,0.5,0.77,6,3,1
48,142564,OWN,26,PERSONAL,A,5996,21.93,0.04,N,12,0.32,0.83,10,3,0
22,69831,MORTGAGE,1,VENTURE,A,39255,17.63,0.56,Y,2,0.19,0.42,10,4,1
28,94671,MORTGAGE,5,PERSONAL,B,28236,9.93,0.3,N,3,0.54,0.1,4,8,0
40,114835,RENT,15,PERSONAL,A,26517,16.54,0.23,N,7,0.33,0.93,8,10,1
33,42942,OWN,11,PERSONAL,A,6272,11.34,0.15,N,8,0.33,0.26,12,3,0
54,52088,MORTGAGE,34,MEDICAL,C,42167,16.09,0.81,N,24,0.41,0.92,11,6,1
40,145911,RENT,4,HOMEIMPROVEMENT,A,28169,15.93,0.19,N,2,0.23,0.64,11,2,0
28,34849,RENT,8,HOMEIMPROVEMENT,C,25173,11.45,0.72,N,8,0.15,0.17,13,0,0
23,109909,MORTGAGE,1,VENTURE,C,31164,15.14,0.28,N,4,0.6,0.89,7,10,1
29,41182,OWN,8,PERSONAL,E,10415,15.26,0.25,N,7,0.34,0.38,2,10,1
23,142357,OWN,1,PERSONAL,C,29561,11.9,0.21,Y,3,0.12,0.2,11,9,1
31,36905,OWN,0,VENTURE,C,24953,9.59,0.68,N,9,0.26,0.57,10,8,1
64,67972,MORTGAGE,16,HOMEIMPROVEMENT,C,10950,7.33,0.16,N,27,0.15,0.21,4,3,0
48,64816,OWN,10,VENTURE,B,36192,16.73,0.56,N,18,0.44,0.18,1,4,1
59,70064,MORTGAGE,18,EDUCATION,A,19095,9.52,0.27,Y,39,0.3,0.38,10,5,0
55,42443,MORTGAGE,25,HOMEIMPROVEMENT,E,40778,8.7,0.96,N,14,0.39,0.49,3,4,0
31,32300,OWN,10,VENTURE,D,5295,18.9,0.16,N,8,0.3,0.43,7,11,1
40,140279,RENT,14,HOMEIMPROVEMENT,E,42903,20.99,0.31,Y,10,0.51,0.77,14,8,1
37,135386,MORTGAGE,16,MEDICAL,D,29673,14.04,0.22,N,5,0.24,0.64,14,1,0
53,47588,RENT,27,EDUCATION,A,25188,16.7,0.53,N,4,0.51,0.21,5,5,1
22,109062,MORTGAGE,0,EDUCATION,A,24465,13.95,0.22,N,2,0.5,0.64,12,10,1
54,32910,MORTGAGE,7,EDUCATION,D,13199,12.91,0.4,N,19,0.26,0.39,4,9,0
60,49301,RENT,4,VENTURE,A,42323,9.9,0.86,N,30,0.34,0.63,2,7,0
40,72879,RENT,4,HOMEIMPROVEMENT,B,32746,15.79,0.45,N,15,0.33,0.74,6,7,1
23,66418,MORTGAGE,1,HOMEIMPROVEMENT,A,36163,9.91,0.54,N,3,0.08,0.44,13,2,0
38,57096,RENT,18,MEDICAL,B,1921,12.32,0.03,Y,15,0.23,0.11,10,2,0
52,121010,MORTGAGE,1,HOMEIMPROVEMENT,C,42993,9.11,0.36,Y,17,0.33,0.78,9,3,0
35,58827,OWN,7,PERSONAL,B,45775,8.9,0.78,Y,6,0.2,0.21,4,6,1
22,133528,MORTGAGE,2,PERSONAL,A,42684,10.6,0.32,N,3,0.28,0.47,2,2,0
